,major,minor,protein,reference,alignment_name,name
0,0,001,D064370,Q14EB0.1,20200505,SARS Spike HKU1-N2
1,0,002,D064370,Q14EB0.1,20200505,SARS Spike HKU1-N2
2,0,003,D064370,Q14EB0.1,20200505,SARS Spike HKU1-N2
3,0,004,D064370,Q14EB0.1,20200505,SARS Spike HKU1-N2
4,0,005,D064370,Q14EB0.1,20200505,SARS Spike HKU1-N2
5,0,006,D064370,Q14EB0.1,20200505,SARS Spike HKU1-N2
6,0,007,D064370,Q14EB0.1,20200505,SARS Spike HKU1-N2
7,0,008,D064370,Q14EB0.1,20200505,SARS Spike HKU1-N2
8,1,000,D064370,Q14EB0.1,20200505,SARS Spike HKU1-N2
9,2,000,D064370,Q14EB0.1,20200505,SARS Spike HKU1-N2
10,3,000,D064370,Q14EB0.1,20200505,SARS Spike HKU1-N2
11,4,000,D064370,Q14EB0.1,20200505,SARS Spike HKU1-N2
12,5,000,D064370,Q14EB0.1,20200505,SARS Spike HKU1-N2
13,6,000,D064370,Q14EB0.1,20200505,SARS Spike HKU1-N2
14,7,000,D064370,Q14EB0.1,20200505,SARS Spike HKU1-N2
15,8,000,D064370,Q14EB0.1,20200505,SARS Spike HKU1-N2
16,9,000,D064370,Q14EB0.1,20200505,SARS Spike HKU1-N2
17,10,000,D064370,Q14EB0.1,20200505,SARS Spike HKU1-N2
18,11,000,D064370,Q14EB0.1,20200505,SARS Spike HKU1-N2
19,12,000,D064370,Q14EB0.1,20200505,SARS Spike HKU1-N2
20,13,000,D064370,Q14EB0.1,20200505,SARS Spike HKU1-N2
21,14,000,D064370,Q14EB0.1,20200505,SARS Spike HKU1-N2
22,14,001,D064370,Q14EB0.1,20200505,SARS Spike HKU1-N2
23,14,002,D064370,Q14EB0.1,20200505,SARS Spike HKU1-N2
24,14,003,D064370,Q14EB0.1,20200505,SARS Spike HKU1-N2
25,14,004,D064370,Q14EB0.1,20200505,SARS Spike HKU1-N2
26,14,005,D064370,Q14EB0.1,20200505,SARS Spike HKU1-N2
27,14,006,D064370,Q14EB0.1,20200505,SARS Spike HKU1-N2
28,14,007,D064370,Q14EB0.1,20200505,SARS Spike HKU1-N2
29,14,008,D064370,Q14EB0.1,20200505,SARS Spike HKU1-N2
30,14,009,D064370,Q14EB0.1,20200505,SARS Spike HKU1-N2
31,15,000,D064370,Q14EB0.1,20200505,SARS Spike HKU1-N2
32,16,000,D064370,Q14EB0.1,20200505,SARS Spike HKU1-N2
33,17,000,D064370,Q14EB0.1,20200505,SARS Spike HKU1-N2
34,18,000,D064370,Q14EB0.1,20200505,SARS Spike HKU1-N2
35,19,000,D064370,Q14EB0.1,20200505,SARS Spike HKU1-N2
36,20,000,D064370,Q14EB0.1,20200505,SARS Spike HKU1-N2
37,21,000,D064370,Q14EB0.1,20200505,SARS Spike HKU1-N2
38,22,000,D064370,Q14EB0.1,20200505,SARS Spike HKU1-N2
39,23,000,D064370,Q14EB0.1,20200505,SARS Spike HKU1-N2
40,24,000,D064370,Q14EB0.1,20200505,SARS Spike HKU1-N2
41,24,001,D064370,Q14EB0.1,20200505,SARS Spike HKU1-N2
42,24,002,D064370,Q14EB0.1,20200505,SARS Spike HKU1-N2
43,24,003,D064370,Q14EB0.1,20200505,SARS Spike HKU1-N2
44,24,004,D064370,Q14EB0.1,20200505,SARS Spike HKU1-N2
45,24,005,D064370,Q14EB0.1,20200505,SARS Spike HKU1-N2
46,25,000,D064370,Q14EB0.1,20200505,SARS Spike HKU1-N2
47,26,000,D064370,Q14EB0.1,20200505,SARS Spike HKU1-N2
48,27,000,D064370,Q14EB0.1,20200505,SARS Spike HKU1-N2
49,28,000,D064370,Q14EB0.1,20200505,SARS Spike HKU1-N2
50,29,000,D064370,Q14EB0.1,20200505,SARS Spike HKU1-N2
51,29,001,D064370,Q14EB0.1,20200505,SARS Spike HKU1-N2
52,30,000,D064370,Q14EB0.1,20200505,SARS Spike HKU1-N2
53,31,000,D064370,Q14EB0.1,20200505,SARS Spike HKU1-N2
54,32,000,D064370,Q14EB0.1,20200505,SARS Spike HKU1-N2
55,32,001,D064370,Q14EB0.1,20200505,SARS Spike HKU1-N2
56,32,002,D064370,Q14EB0.1,20200505,SARS Spike HKU1-N2
57,32,003,D064370,Q14EB0.1,20200505,SARS Spike HKU1-N2
58,33,000,D064370,Q14EB0.1,20200505,SARS Spike HKU1-N2
59,34,000,D064370,Q14EB0.1,20200505,SARS Spike HKU1-N2
60,35,000,D064370,Q14EB0.1,20200505,SARS Spike HKU1-N2
61,36,000,D064370,Q14EB0.1,20200505,SARS Spike HKU1-N2
62,37,000,D064370,Q14EB0.1,20200505,SARS Spike HKU1-N2
63,38,000,D064370,Q14EB0.1,20200505,SARS Spike HKU1-N2
64,39,000,D064370,Q14EB0.1,20200505,SARS Spike HKU1-N2
65,40,000,D064370,Q14EB0.1,20200505,SARS Spike HKU1-N2
66,41,000,D064370,Q14EB0.1,20200505,SARS Spike HKU1-N2
67,42,000,D064370,Q14EB0.1,20200505,SARS Spike HKU1-N2
68,43,000,D064370,Q14EB0.1,20200505,SARS Spike HKU1-N2
69,44,000,D064370,Q14EB0.1,20200505,SARS Spike HKU1-N2
70,45,000,D064370,Q14EB0.1,20200505,SARS Spike HKU1-N2
71,46,000,D064370,Q14EB0.1,20200505,SARS Spike HKU1-N2
72,47,000,D064370,Q14EB0.1,20200505,SARS Spike HKU1-N2
73,48,000,D064370,Q14EB0.1,20200505,SARS Spike HKU1-N2
74,49,000,D064370,Q14EB0.1,20200505,SARS Spike HKU1-N2
75,50,000,D064370,Q14EB0.1,20200505,SARS Spike HKU1-N2
76,51,000,D064370,Q14EB0.1,20200505,SARS Spike HKU1-N2
77,52,000,D064370,Q14EB0.1,20200505,SARS Spike HKU1-N2
78,53,000,D064370,Q14EB0.1,20200505,SARS Spike HKU1-N2
79,54,000,D064370,Q14EB0.1,20200505,SARS Spike HKU1-N2
80,55,000,D064370,Q14EB0.1,20200505,SARS Spike HKU1-N2
81,56,000,D064370,Q14EB0.1,20200505,SARS Spike HKU1-N2
82,57,000,D064370,Q14EB0.1,20200505,SARS Spike HKU1-N2
83,58,000,D064370,Q14EB0.1,20200505,SARS Spike HKU1-N2
84,59,000,D064370,Q14EB0.1,20200505,SARS Spike HKU1-N2
85,60,000,D064370,Q14EB0.1,20200505,SARS Spike HKU1-N2
86,61,000,D064370,Q14EB0.1,20200505,SARS Spike HKU1-N2
87,62,000,D064370,Q14EB0.1,20200505,SARS Spike HKU1-N2
88,63,000,D064370,Q14EB0.1,20200505,SARS Spike HKU1-N2
89,64,000,D064370,Q14EB0.1,20200505,SARS Spike HKU1-N2
90,65,000,D064370,Q14EB0.1,20200505,SARS Spike HKU1-N2
91,66,000,D064370,Q14EB0.1,20200505,SARS Spike HKU1-N2
92,67,000,D064370,Q14EB0.1,20200505,SARS Spike HKU1-N2
93,68,000,D064370,Q14EB0.1,20200505,SARS Spike HKU1-N2
94,69,000,D064370,Q14EB0.1,20200505,SARS Spike HKU1-N2
95,70,000,D064370,Q14EB0.1,20200505,SARS Spike HKU1-N2
96,71,000,D064370,Q14EB0.1,20200505,SARS Spike HKU1-N2
97,72,000,D064370,Q14EB0.1,20200505,SARS Spike HKU1-N2
98,73,000,D064370,Q14EB0.1,20200505,SARS Spike HKU1-N2
99,74,000,D064370,Q14EB0.1,20200505,SARS Spike HKU1-N2
100,75,000,D064370,Q14EB0.1,20200505,SARS Spike HKU1-N2
101,76,000,D064370,Q14EB0.1,20200505,SARS Spike HKU1-N2
102,77,000,D064370,Q14EB0.1,20200505,SARS Spike HKU1-N2
103,78,000,D064370,Q14EB0.1,20200505,SARS Spike HKU1-N2
104,79,000,D064370,Q14EB0.1,20200505,SARS Spike HKU1-N2
105,80,000,D064370,Q14EB0.1,20200505,SARS Spike HKU1-N2
106,81,000,D064370,Q14EB0.1,20200505,SARS Spike HKU1-N2
107,82,000,D064370,Q14EB0.1,20200505,SARS Spike HKU1-N2
108,83,000,D064370,Q14EB0.1,20200505,SARS Spike HKU1-N2
109,84,000,D064370,Q14EB0.1,20200505,SARS Spike HKU1-N2
110,85,000,D064370,Q14EB0.1,20200505,SARS Spike HKU1-N2
111,86,000,D064370,Q14EB0.1,20200505,SARS Spike HKU1-N2
112,87,000,D064370,Q14EB0.1,20200505,SARS Spike HKU1-N2
113,88,000,D064370,Q14EB0.1,20200505,SARS Spike HKU1-N2
114,89,000,D064370,Q14EB0.1,20200505,SARS Spike HKU1-N2
115,90,000,D064370,Q14EB0.1,20200505,SARS Spike HKU1-N2
116,90,001,D064370,Q14EB0.1,20200505,SARS Spike HKU1-N2
117,90,002,D064370,Q14EB0.1,20200505,SARS Spike HKU1-N2
118,90,003,D064370,Q14EB0.1,20200505,SARS Spike HKU1-N2
119,90,004,D064370,Q14EB0.1,20200505,SARS Spike HKU1-N2
120,90,005,D064370,Q14EB0.1,20200505,SARS Spike HKU1-N2
121,90,006,D064370,Q14EB0.1,20200505,SARS Spike HKU1-N2
122,90,007,D064370,Q14EB0.1,20200505,SARS Spike HKU1-N2
123,90,008,D064370,Q14EB0.1,20200505,SARS Spike HKU1-N2
124,90,009,D064370,Q14EB0.1,20200505,SARS Spike HKU1-N2
125,90,010,D064370,Q14EB0.1,20200505,SARS Spike HKU1-N2
126,90,011,D064370,Q14EB0.1,20200505,SARS Spike HKU1-N2
127,90,012,D064370,Q14EB0.1,20200505,SARS Spike HKU1-N2
128,90,013,D064370,Q14EB0.1,20200505,SARS Spike HKU1-N2
129,90,014,D064370,Q14EB0.1,20200505,SARS Spike HKU1-N2
130,90,015,D064370,Q14EB0.1,20200505,SARS Spike HKU1-N2
131,91,000,D064370,Q14EB0.1,20200505,SARS Spike HKU1-N2
132,92,000,D064370,Q14EB0.1,20200505,SARS Spike HKU1-N2
133,93,000,D064370,Q14EB0.1,20200505,SARS Spike HKU1-N2
134,94,000,D064370,Q14EB0.1,20200505,SARS Spike HKU1-N2
135,95,000,D064370,Q14EB0.1,20200505,SARS Spike HKU1-N2
136,96,000,D064370,Q14EB0.1,20200505,SARS Spike HKU1-N2
137,97,000,D064370,Q14EB0.1,20200505,SARS Spike HKU1-N2
138,98,000,D064370,Q14EB0.1,20200505,SARS Spike HKU1-N2
139,99,000,D064370,Q14EB0.1,20200505,SARS Spike HKU1-N2
140,100,000,D064370,Q14EB0.1,20200505,SARS Spike HKU1-N2
141,101,000,D064370,Q14EB0.1,20200505,SARS Spike HKU1-N2
142,102,000,D064370,Q14EB0.1,20200505,SARS Spike HKU1-N2
143,103,000,D064370,Q14EB0.1,20200505,SARS Spike HKU1-N2
144,104,000,D064370,Q14EB0.1,20200505,SARS Spike HKU1-N2
145,105,000,D064370,Q14EB0.1,20200505,SARS Spike HKU1-N2
146,106,000,D064370,Q14EB0.1,20200505,SARS Spike HKU1-N2
147,107,000,D064370,Q14EB0.1,20200505,SARS Spike HKU1-N2
148,108,000,D064370,Q14EB0.1,20200505,SARS Spike HKU1-N2
149,109,000,D064370,Q14EB0.1,20200505,SARS Spike HKU1-N2
150,110,000,D064370,Q14EB0.1,20200505,SARS Spike HKU1-N2
151,111,000,D064370,Q14EB0.1,20200505,SARS Spike HKU1-N2
152,112,000,D064370,Q14EB0.1,20200505,SARS Spike HKU1-N2
153,112,001,D064370,Q14EB0.1,20200505,SARS Spike HKU1-N2
154,112,002,D064370,Q14EB0.1,20200505,SARS Spike HKU1-N2
155,112,003,D064370,Q14EB0.1,20200505,SARS Spike HKU1-N2
156,112,004,D064370,Q14EB0.1,20200505,SARS Spike HKU1-N2
157,112,005,D064370,Q14EB0.1,20200505,SARS Spike HKU1-N2
158,112,006,D064370,Q14EB0.1,20200505,SARS Spike HKU1-N2
159,112,007,D064370,Q14EB0.1,20200505,SARS Spike HKU1-N2
160,112,008,D064370,Q14EB0.1,20200505,SARS Spike HKU1-N2
161,112,009,D064370,Q14EB0.1,20200505,SARS Spike HKU1-N2
162,112,010,D064370,Q14EB0.1,20200505,SARS Spike HKU1-N2
163,112,011,D064370,Q14EB0.1,20200505,SARS Spike HKU1-N2
164,113,000,D064370,Q14EB0.1,20200505,SARS Spike HKU1-N2
165,114,000,D064370,Q14EB0.1,20200505,SARS Spike HKU1-N2
166,115,000,D064370,Q14EB0.1,20200505,SARS Spike HKU1-N2
167,116,000,D064370,Q14EB0.1,20200505,SARS Spike HKU1-N2
168,117,000,D064370,Q14EB0.1,20200505,SARS Spike HKU1-N2
169,118,000,D064370,Q14EB0.1,20200505,SARS Spike HKU1-N2
170,119,000,D064370,Q14EB0.1,20200505,SARS Spike HKU1-N2
171,120,000,D064370,Q14EB0.1,20200505,SARS Spike HKU1-N2
172,121,000,D064370,Q14EB0.1,20200505,SARS Spike HKU1-N2
173,122,000,D064370,Q14EB0.1,20200505,SARS Spike HKU1-N2
174,123,000,D064370,Q14EB0.1,20200505,SARS Spike HKU1-N2
175,124,000,D064370,Q14EB0.1,20200505,SARS Spike HKU1-N2
176,125,000,D064370,Q14EB0.1,20200505,SARS Spike HKU1-N2
177,126,000,D064370,Q14EB0.1,20200505,SARS Spike HKU1-N2
178,127,000,D064370,Q14EB0.1,20200505,SARS Spike HKU1-N2
179,128,000,D064370,Q14EB0.1,20200505,SARS Spike HKU1-N2
180,129,000,D064370,Q14EB0.1,20200505,SARS Spike HKU1-N2
181,130,000,D064370,Q14EB0.1,20200505,SARS Spike HKU1-N2
182,131,000,D064370,Q14EB0.1,20200505,SARS Spike HKU1-N2
183,132,000,D064370,Q14EB0.1,20200505,SARS Spike HKU1-N2
184,133,000,D064370,Q14EB0.1,20200505,SARS Spike HKU1-N2
185,134,000,D064370,Q14EB0.1,20200505,SARS Spike HKU1-N2
186,135,000,D064370,Q14EB0.1,20200505,SARS Spike HKU1-N2
187,136,000,D064370,Q14EB0.1,20200505,SARS Spike HKU1-N2
188,137,000,D064370,Q14EB0.1,20200505,SARS Spike HKU1-N2
189,138,000,D064370,Q14EB0.1,20200505,SARS Spike HKU1-N2
190,139,000,D064370,Q14EB0.1,20200505,SARS Spike HKU1-N2
191,139,001,D064370,Q14EB0.1,20200505,SARS Spike HKU1-N2
192,139,002,D064370,Q14EB0.1,20200505,SARS Spike HKU1-N2
193,139,003,D064370,Q14EB0.1,20200505,SARS Spike HKU1-N2
194,140,000,D064370,Q14EB0.1,20200505,SARS Spike HKU1-N2
195,141,000,D064370,Q14EB0.1,20200505,SARS Spike HKU1-N2
196,142,000,D064370,Q14EB0.1,20200505,SARS Spike HKU1-N2
197,143,000,D064370,Q14EB0.1,20200505,SARS Spike HKU1-N2
198,143,001,D064370,Q14EB0.1,20200505,SARS Spike HKU1-N2
199,143,002,D064370,Q14EB0.1,20200505,SARS Spike HKU1-N2
200,143,003,D064370,Q14EB0.1,20200505,SARS Spike HKU1-N2
201,143,004,D064370,Q14EB0.1,20200505,SARS Spike HKU1-N2
202,143,005,D064370,Q14EB0.1,20200505,SARS Spike HKU1-N2
203,143,006,D064370,Q14EB0.1,20200505,SARS Spike HKU1-N2
204,143,007,D064370,Q14EB0.1,20200505,SARS Spike HKU1-N2
205,143,008,D064370,Q14EB0.1,20200505,SARS Spike HKU1-N2
206,143,009,D064370,Q14EB0.1,20200505,SARS Spike HKU1-N2
207,143,010,D064370,Q14EB0.1,20200505,SARS Spike HKU1-N2
208,143,011,D064370,Q14EB0.1,20200505,SARS Spike HKU1-N2
209,143,012,D064370,Q14EB0.1,20200505,SARS Spike HKU1-N2
210,144,000,D064370,Q14EB0.1,20200505,SARS Spike HKU1-N2
211,144,001,D064370,Q14EB0.1,20200505,SARS Spike HKU1-N2
212,144,002,D064370,Q14EB0.1,20200505,SARS Spike HKU1-N2
213,144,003,D064370,Q14EB0.1,20200505,SARS Spike HKU1-N2
214,144,004,D064370,Q14EB0.1,20200505,SARS Spike HKU1-N2
215,144,005,D064370,Q14EB0.1,20200505,SARS Spike HKU1-N2
216,144,006,D064370,Q14EB0.1,20200505,SARS Spike HKU1-N2
217,144,007,D064370,Q14EB0.1,20200505,SARS Spike HKU1-N2
218,145,000,D064370,Q14EB0.1,20200505,SARS Spike HKU1-N2
219,146,000,D064370,Q14EB0.1,20200505,SARS Spike HKU1-N2
220,147,000,D064370,Q14EB0.1,20200505,SARS Spike HKU1-N2
221,148,000,D064370,Q14EB0.1,20200505,SARS Spike HKU1-N2
222,149,000,D064370,Q14EB0.1,20200505,SARS Spike HKU1-N2
223,150,000,D064370,Q14EB0.1,20200505,SARS Spike HKU1-N2
224,151,000,D064370,Q14EB0.1,20200505,SARS Spike HKU1-N2
225,152,000,D064370,Q14EB0.1,20200505,SARS Spike HKU1-N2
226,152,001,D064370,Q14EB0.1,20200505,SARS Spike HKU1-N2
227,152,002,D064370,Q14EB0.1,20200505,SARS Spike HKU1-N2
228,152,003,D064370,Q14EB0.1,20200505,SARS Spike HKU1-N2
229,152,004,D064370,Q14EB0.1,20200505,SARS Spike HKU1-N2
230,152,005,D064370,Q14EB0.1,20200505,SARS Spike HKU1-N2
231,152,006,D064370,Q14EB0.1,20200505,SARS Spike HKU1-N2
232,152,007,D064370,Q14EB0.1,20200505,SARS Spike HKU1-N2
233,152,008,D064370,Q14EB0.1,20200505,SARS Spike HKU1-N2
234,152,009,D064370,Q14EB0.1,20200505,SARS Spike HKU1-N2
235,153,000,D064370,Q14EB0.1,20200505,SARS Spike HKU1-N2
236,154,000,D064370,Q14EB0.1,20200505,SARS Spike HKU1-N2
237,155,000,D064370,Q14EB0.1,20200505,SARS Spike HKU1-N2
238,156,000,D064370,Q14EB0.1,20200505,SARS Spike HKU1-N2
239,157,000,D064370,Q14EB0.1,20200505,SARS Spike HKU1-N2
240,158,000,D064370,Q14EB0.1,20200505,SARS Spike HKU1-N2
241,159,000,D064370,Q14EB0.1,20200505,SARS Spike HKU1-N2
242,160,000,D064370,Q14EB0.1,20200505,SARS Spike HKU1-N2
243,161,000,D064370,Q14EB0.1,20200505,SARS Spike HKU1-N2
244,162,000,D064370,Q14EB0.1,20200505,SARS Spike HKU1-N2
245,163,000,D064370,Q14EB0.1,20200505,SARS Spike HKU1-N2
246,164,000,D064370,Q14EB0.1,20200505,SARS Spike HKU1-N2
247,165,000,D064370,Q14EB0.1,20200505,SARS Spike HKU1-N2
248,166,000,D064370,Q14EB0.1,20200505,SARS Spike HKU1-N2
249,166,001,D064370,Q14EB0.1,20200505,SARS Spike HKU1-N2
250,166,002,D064370,Q14EB0.1,20200505,SARS Spike HKU1-N2
251,167,000,D064370,Q14EB0.1,20200505,SARS Spike HKU1-N2
252,168,000,D064370,Q14EB0.1,20200505,SARS Spike HKU1-N2
253,169,000,D064370,Q14EB0.1,20200505,SARS Spike HKU1-N2
254,170,000,D064370,Q14EB0.1,20200505,SARS Spike HKU1-N2
255,171,000,D064370,Q14EB0.1,20200505,SARS Spike HKU1-N2
256,172,000,D064370,Q14EB0.1,20200505,SARS Spike HKU1-N2
257,173,000,D064370,Q14EB0.1,20200505,SARS Spike HKU1-N2
258,174,000,D064370,Q14EB0.1,20200505,SARS Spike HKU1-N2
259,175,000,D064370,Q14EB0.1,20200505,SARS Spike HKU1-N2
260,176,000,D064370,Q14EB0.1,20200505,SARS Spike HKU1-N2
261,177,000,D064370,Q14EB0.1,20200505,SARS Spike HKU1-N2
262,177,001,D064370,Q14EB0.1,20200505,SARS Spike HKU1-N2
263,178,000,D064370,Q14EB0.1,20200505,SARS Spike HKU1-N2
264,179,000,D064370,Q14EB0.1,20200505,SARS Spike HKU1-N2
265,179,001,D064370,Q14EB0.1,20200505,SARS Spike HKU1-N2
266,180,000,D064370,Q14EB0.1,20200505,SARS Spike HKU1-N2
267,181,000,D064370,Q14EB0.1,20200505,SARS Spike HKU1-N2
268,182,000,D064370,Q14EB0.1,20200505,SARS Spike HKU1-N2
269,183,000,D064370,Q14EB0.1,20200505,SARS Spike HKU1-N2
270,184,000,D064370,Q14EB0.1,20200505,SARS Spike HKU1-N2
271,185,000,D064370,Q14EB0.1,20200505,SARS Spike HKU1-N2
272,186,000,D064370,Q14EB0.1,20200505,SARS Spike HKU1-N2
273,187,000,D064370,Q14EB0.1,20200505,SARS Spike HKU1-N2
274,187,001,D064370,Q14EB0.1,20200505,SARS Spike HKU1-N2
275,187,002,D064370,Q14EB0.1,20200505,SARS Spike HKU1-N2
276,187,003,D064370,Q14EB0.1,20200505,SARS Spike HKU1-N2
277,188,000,D064370,Q14EB0.1,20200505,SARS Spike HKU1-N2
278,189,000,D064370,Q14EB0.1,20200505,SARS Spike HKU1-N2
279,190,000,D064370,Q14EB0.1,20200505,SARS Spike HKU1-N2
280,191,000,D064370,Q14EB0.1,20200505,SARS Spike HKU1-N2
281,192,000,D064370,Q14EB0.1,20200505,SARS Spike HKU1-N2
282,193,000,D064370,Q14EB0.1,20200505,SARS Spike HKU1-N2
283,194,000,D064370,Q14EB0.1,20200505,SARS Spike HKU1-N2
284,195,000,D064370,Q14EB0.1,20200505,SARS Spike HKU1-N2
285,195,001,D064370,Q14EB0.1,20200505,SARS Spike HKU1-N2
286,195,002,D064370,Q14EB0.1,20200505,SARS Spike HKU1-N2
287,195,003,D064370,Q14EB0.1,20200505,SARS Spike HKU1-N2
288,195,004,D064370,Q14EB0.1,20200505,SARS Spike HKU1-N2
289,196,000,D064370,Q14EB0.1,20200505,SARS Spike HKU1-N2
290,197,000,D064370,Q14EB0.1,20200505,SARS Spike HKU1-N2
291,197,001,D064370,Q14EB0.1,20200505,SARS Spike HKU1-N2
292,197,002,D064370,Q14EB0.1,20200505,SARS Spike HKU1-N2
293,197,003,D064370,Q14EB0.1,20200505,SARS Spike HKU1-N2
294,197,004,D064370,Q14EB0.1,20200505,SARS Spike HKU1-N2
295,197,005,D064370,Q14EB0.1,20200505,SARS Spike HKU1-N2
296,198,000,D064370,Q14EB0.1,20200505,SARS Spike HKU1-N2
297,199,000,D064370,Q14EB0.1,20200505,SARS Spike HKU1-N2
298,200,000,D064370,Q14EB0.1,20200505,SARS Spike HKU1-N2
299,201,000,D064370,Q14EB0.1,20200505,SARS Spike HKU1-N2
300,202,000,D064370,Q14EB0.1,20200505,SARS Spike HKU1-N2
301,203,000,D064370,Q14EB0.1,20200505,SARS Spike HKU1-N2
302,204,000,D064370,Q14EB0.1,20200505,SARS Spike HKU1-N2
303,205,000,D064370,Q14EB0.1,20200505,SARS Spike HKU1-N2
304,206,000,D064370,Q14EB0.1,20200505,SARS Spike HKU1-N2
305,207,000,D064370,Q14EB0.1,20200505,SARS Spike HKU1-N2
306,208,000,D064370,Q14EB0.1,20200505,SARS Spike HKU1-N2
307,209,000,D064370,Q14EB0.1,20200505,SARS Spike HKU1-N2
308,210,000,D064370,Q14EB0.1,20200505,SARS Spike HKU1-N2
309,211,000,D064370,Q14EB0.1,20200505,SARS Spike HKU1-N2
310,212,000,D064370,Q14EB0.1,20200505,SARS Spike HKU1-N2
311,213,000,D064370,Q14EB0.1,20200505,SARS Spike HKU1-N2
312,214,000,D064370,Q14EB0.1,20200505,SARS Spike HKU1-N2
313,215,000,D064370,Q14EB0.1,20200505,SARS Spike HKU1-N2
314,216,000,D064370,Q14EB0.1,20200505,SARS Spike HKU1-N2
315,217,000,D064370,Q14EB0.1,20200505,SARS Spike HKU1-N2
316,218,000,D064370,Q14EB0.1,20200505,SARS Spike HKU1-N2
317,219,000,D064370,Q14EB0.1,20200505,SARS Spike HKU1-N2
318,220,000,D064370,Q14EB0.1,20200505,SARS Spike HKU1-N2
319,221,000,D064370,Q14EB0.1,20200505,SARS Spike HKU1-N2
320,221,001,D064370,Q14EB0.1,20200505,SARS Spike HKU1-N2
321,221,002,D064370,Q14EB0.1,20200505,SARS Spike HKU1-N2
322,221,003,D064370,Q14EB0.1,20200505,SARS Spike HKU1-N2
323,221,004,D064370,Q14EB0.1,20200505,SARS Spike HKU1-N2
324,221,005,D064370,Q14EB0.1,20200505,SARS Spike HKU1-N2
325,221,006,D064370,Q14EB0.1,20200505,SARS Spike HKU1-N2
326,221,007,D064370,Q14EB0.1,20200505,SARS Spike HKU1-N2
327,221,008,D064370,Q14EB0.1,20200505,SARS Spike HKU1-N2
328,221,009,D064370,Q14EB0.1,20200505,SARS Spike HKU1-N2
329,221,010,D064370,Q14EB0.1,20200505,SARS Spike HKU1-N2
330,221,011,D064370,Q14EB0.1,20200505,SARS Spike HKU1-N2
331,221,012,D064370,Q14EB0.1,20200505,SARS Spike HKU1-N2
332,221,013,D064370,Q14EB0.1,20200505,SARS Spike HKU1-N2
333,221,014,D064370,Q14EB0.1,20200505,SARS Spike HKU1-N2
334,222,000,D064370,Q14EB0.1,20200505,SARS Spike HKU1-N2
335,223,000,D064370,Q14EB0.1,20200505,SARS Spike HKU1-N2
336,224,000,D064370,Q14EB0.1,20200505,SARS Spike HKU1-N2
337,224,001,D064370,Q14EB0.1,20200505,SARS Spike HKU1-N2
338,224,002,D064370,Q14EB0.1,20200505,SARS Spike HKU1-N2
339,224,003,D064370,Q14EB0.1,20200505,SARS Spike HKU1-N2
340,225,000,D064370,Q14EB0.1,20200505,SARS Spike HKU1-N2
341,226,000,D064370,Q14EB0.1,20200505,SARS Spike HKU1-N2
342,227,000,D064370,Q14EB0.1,20200505,SARS Spike HKU1-N2
343,228,000,D064370,Q14EB0.1,20200505,SARS Spike HKU1-N2
344,229,000,D064370,Q14EB0.1,20200505,SARS Spike HKU1-N2
345,230,000,D064370,Q14EB0.1,20200505,SARS Spike HKU1-N2
346,231,000,D064370,Q14EB0.1,20200505,SARS Spike HKU1-N2
347,232,000,D064370,Q14EB0.1,20200505,SARS Spike HKU1-N2
348,233,000,D064370,Q14EB0.1,20200505,SARS Spike HKU1-N2
349,234,000,D064370,Q14EB0.1,20200505,SARS Spike HKU1-N2
350,235,000,D064370,Q14EB0.1,20200505,SARS Spike HKU1-N2
351,236,000,D064370,Q14EB0.1,20200505,SARS Spike HKU1-N2
352,237,000,D064370,Q14EB0.1,20200505,SARS Spike HKU1-N2
353,238,000,D064370,Q14EB0.1,20200505,SARS Spike HKU1-N2
354,238,001,D064370,Q14EB0.1,20200505,SARS Spike HKU1-N2
355,239,000,D064370,Q14EB0.1,20200505,SARS Spike HKU1-N2
356,240,000,D064370,Q14EB0.1,20200505,SARS Spike HKU1-N2
357,241,000,D064370,Q14EB0.1,20200505,SARS Spike HKU1-N2
358,242,000,D064370,Q14EB0.1,20200505,SARS Spike HKU1-N2
359,243,000,D064370,Q14EB0.1,20200505,SARS Spike HKU1-N2
360,244,000,D064370,Q14EB0.1,20200505,SARS Spike HKU1-N2
361,245,000,D064370,Q14EB0.1,20200505,SARS Spike HKU1-N2
362,245,001,D064370,Q14EB0.1,20200505,SARS Spike HKU1-N2
363,245,002,D064370,Q14EB0.1,20200505,SARS Spike HKU1-N2
364,245,003,D064370,Q14EB0.1,20200505,SARS Spike HKU1-N2
365,245,004,D064370,Q14EB0.1,20200505,SARS Spike HKU1-N2
366,245,005,D064370,Q14EB0.1,20200505,SARS Spike HKU1-N2
367,245,006,D064370,Q14EB0.1,20200505,SARS Spike HKU1-N2
368,245,007,D064370,Q14EB0.1,20200505,SARS Spike HKU1-N2
369,246,000,D064370,Q14EB0.1,20200505,SARS Spike HKU1-N2
370,247,000,D064370,Q14EB0.1,20200505,SARS Spike HKU1-N2
371,248,000,D064370,Q14EB0.1,20200505,SARS Spike HKU1-N2
372,249,000,D064370,Q14EB0.1,20200505,SARS Spike HKU1-N2
373,250,000,D064370,Q14EB0.1,20200505,SARS Spike HKU1-N2
374,251,000,D064370,Q14EB0.1,20200505,SARS Spike HKU1-N2
375,252,000,D064370,Q14EB0.1,20200505,SARS Spike HKU1-N2
376,253,000,D064370,Q14EB0.1,20200505,SARS Spike HKU1-N2
377,254,000,D064370,Q14EB0.1,20200505,SARS Spike HKU1-N2
378,255,000,D064370,Q14EB0.1,20200505,SARS Spike HKU1-N2
379,256,000,D064370,Q14EB0.1,20200505,SARS Spike HKU1-N2
380,257,000,D064370,Q14EB0.1,20200505,SARS Spike HKU1-N2
381,258,000,D064370,Q14EB0.1,20200505,SARS Spike HKU1-N2
382,259,000,D064370,Q14EB0.1,20200505,SARS Spike HKU1-N2
383,260,000,D064370,Q14EB0.1,20200505,SARS Spike HKU1-N2
384,261,000,D064370,Q14EB0.1,20200505,SARS Spike HKU1-N2
385,262,000,D064370,Q14EB0.1,20200505,SARS Spike HKU1-N2
386,263,000,D064370,Q14EB0.1,20200505,SARS Spike HKU1-N2
387,264,000,D064370,Q14EB0.1,20200505,SARS Spike HKU1-N2
388,265,000,D064370,Q14EB0.1,20200505,SARS Spike HKU1-N2
389,266,000,D064370,Q14EB0.1,20200505,SARS Spike HKU1-N2
390,267,000,D064370,Q14EB0.1,20200505,SARS Spike HKU1-N2
391,268,000,D064370,Q14EB0.1,20200505,SARS Spike HKU1-N2
392,269,000,D064370,Q14EB0.1,20200505,SARS Spike HKU1-N2
393,270,000,D064370,Q14EB0.1,20200505,SARS Spike HKU1-N2
394,271,000,D064370,Q14EB0.1,20200505,SARS Spike HKU1-N2
395,272,000,D064370,Q14EB0.1,20200505,SARS Spike HKU1-N2
396,273,000,D064370,Q14EB0.1,20200505,SARS Spike HKU1-N2
397,274,000,D064370,Q14EB0.1,20200505,SARS Spike HKU1-N2
398,275,000,D064370,Q14EB0.1,20200505,SARS Spike HKU1-N2
399,276,000,D064370,Q14EB0.1,20200505,SARS Spike HKU1-N2
400,277,000,D064370,Q14EB0.1,20200505,SARS Spike HKU1-N2
401,278,000,D064370,Q14EB0.1,20200505,SARS Spike HKU1-N2
402,279,000,D064370,Q14EB0.1,20200505,SARS Spike HKU1-N2
403,280,000,D064370,Q14EB0.1,20200505,SARS Spike HKU1-N2
404,281,000,D064370,Q14EB0.1,20200505,SARS Spike HKU1-N2
405,282,000,D064370,Q14EB0.1,20200505,SARS Spike HKU1-N2
406,283,000,D064370,Q14EB0.1,20200505,SARS Spike HKU1-N2
407,284,000,D064370,Q14EB0.1,20200505,SARS Spike HKU1-N2
408,285,000,D064370,Q14EB0.1,20200505,SARS Spike HKU1-N2
409,286,000,D064370,Q14EB0.1,20200505,SARS Spike HKU1-N2
410,287,000,D064370,Q14EB0.1,20200505,SARS Spike HKU1-N2
411,288,000,D064370,Q14EB0.1,20200505,SARS Spike HKU1-N2
412,289,000,D064370,Q14EB0.1,20200505,SARS Spike HKU1-N2
413,290,000,D064370,Q14EB0.1,20200505,SARS Spike HKU1-N2
414,291,000,D064370,Q14EB0.1,20200505,SARS Spike HKU1-N2
415,292,000,D064370,Q14EB0.1,20200505,SARS Spike HKU1-N2
416,293,000,D064370,Q14EB0.1,20200505,SARS Spike HKU1-N2
417,294,000,D064370,Q14EB0.1,20200505,SARS Spike HKU1-N2
418,295,000,D064370,Q14EB0.1,20200505,SARS Spike HKU1-N2
419,296,000,D064370,Q14EB0.1,20200505,SARS Spike HKU1-N2
420,297,000,D064370,Q14EB0.1,20200505,SARS Spike HKU1-N2
421,298,000,D064370,Q14EB0.1,20200505,SARS Spike HKU1-N2
422,299,000,D064370,Q14EB0.1,20200505,SARS Spike HKU1-N2
423,300,000,D064370,Q14EB0.1,20200505,SARS Spike HKU1-N2
424,301,000,D064370,Q14EB0.1,20200505,SARS Spike HKU1-N2
425,302,000,D064370,Q14EB0.1,20200505,SARS Spike HKU1-N2
426,303,000,D064370,Q14EB0.1,20200505,SARS Spike HKU1-N2
427,304,000,D064370,Q14EB0.1,20200505,SARS Spike HKU1-N2
428,305,000,D064370,Q14EB0.1,20200505,SARS Spike HKU1-N2
429,306,000,D064370,Q14EB0.1,20200505,SARS Spike HKU1-N2
430,307,000,D064370,Q14EB0.1,20200505,SARS Spike HKU1-N2
431,308,000,D064370,Q14EB0.1,20200505,SARS Spike HKU1-N2
432,309,000,D064370,Q14EB0.1,20200505,SARS Spike HKU1-N2
433,310,000,D064370,Q14EB0.1,20200505,SARS Spike HKU1-N2
434,311,000,D064370,Q14EB0.1,20200505,SARS Spike HKU1-N2
435,312,000,D064370,Q14EB0.1,20200505,SARS Spike HKU1-N2
436,313,000,D064370,Q14EB0.1,20200505,SARS Spike HKU1-N2
437,314,000,D064370,Q14EB0.1,20200505,SARS Spike HKU1-N2
438,315,000,D064370,Q14EB0.1,20200505,SARS Spike HKU1-N2
439,316,000,D064370,Q14EB0.1,20200505,SARS Spike HKU1-N2
440,317,000,D064370,Q14EB0.1,20200505,SARS Spike HKU1-N2
441,318,000,D064370,Q14EB0.1,20200505,SARS Spike HKU1-N2
442,319,000,D064370,Q14EB0.1,20200505,SARS Spike HKU1-N2
443,320,000,D064370,Q14EB0.1,20200505,SARS Spike HKU1-N2
444,321,000,D064370,Q14EB0.1,20200505,SARS Spike HKU1-N2
445,322,000,D064370,Q14EB0.1,20200505,SARS Spike HKU1-N2
446,323,000,D064370,Q14EB0.1,20200505,SARS Spike HKU1-N2
447,324,000,D064370,Q14EB0.1,20200505,SARS Spike HKU1-N2
448,325,000,D064370,Q14EB0.1,20200505,SARS Spike HKU1-N2
449,326,000,D064370,Q14EB0.1,20200505,SARS Spike HKU1-N2
450,327,000,D064370,Q14EB0.1,20200505,SARS Spike HKU1-N2
451,328,000,D064370,Q14EB0.1,20200505,SARS Spike HKU1-N2
452,328,001,D064370,Q14EB0.1,20200505,SARS Spike HKU1-N2
453,328,002,D064370,Q14EB0.1,20200505,SARS Spike HKU1-N2
454,329,000,D064370,Q14EB0.1,20200505,SARS Spike HKU1-N2
455,330,000,D064370,Q14EB0.1,20200505,SARS Spike HKU1-N2
456,331,000,D064370,Q14EB0.1,20200505,SARS Spike HKU1-N2
457,332,000,D064370,Q14EB0.1,20200505,SARS Spike HKU1-N2
458,333,000,D064370,Q14EB0.1,20200505,SARS Spike HKU1-N2
459,333,001,D064370,Q14EB0.1,20200505,SARS Spike HKU1-N2
460,333,002,D064370,Q14EB0.1,20200505,SARS Spike HKU1-N2
461,334,000,D064370,Q14EB0.1,20200505,SARS Spike HKU1-N2
462,335,000,D064370,Q14EB0.1,20200505,SARS Spike HKU1-N2
463,336,000,D064370,Q14EB0.1,20200505,SARS Spike HKU1-N2
464,337,000,D064370,Q14EB0.1,20200505,SARS Spike HKU1-N2
465,338,000,D064370,Q14EB0.1,20200505,SARS Spike HKU1-N2
466,339,000,D064370,Q14EB0.1,20200505,SARS Spike HKU1-N2
467,340,000,D064370,Q14EB0.1,20200505,SARS Spike HKU1-N2
468,341,000,D064370,Q14EB0.1,20200505,SARS Spike HKU1-N2
469,342,000,D064370,Q14EB0.1,20200505,SARS Spike HKU1-N2
470,343,000,D064370,Q14EB0.1,20200505,SARS Spike HKU1-N2
471,344,000,D064370,Q14EB0.1,20200505,SARS Spike HKU1-N2
472,345,000,D064370,Q14EB0.1,20200505,SARS Spike HKU1-N2
473,346,000,D064370,Q14EB0.1,20200505,SARS Spike HKU1-N2
474,347,000,D064370,Q14EB0.1,20200505,SARS Spike HKU1-N2
475,348,000,D064370,Q14EB0.1,20200505,SARS Spike HKU1-N2
476,349,000,D064370,Q14EB0.1,20200505,SARS Spike HKU1-N2
477,350,000,D064370,Q14EB0.1,20200505,SARS Spike HKU1-N2
478,351,000,D064370,Q14EB0.1,20200505,SARS Spike HKU1-N2
479,352,000,D064370,Q14EB0.1,20200505,SARS Spike HKU1-N2
480,353,000,D064370,Q14EB0.1,20200505,SARS Spike HKU1-N2
481,354,000,D064370,Q14EB0.1,20200505,SARS Spike HKU1-N2
482,355,000,D064370,Q14EB0.1,20200505,SARS Spike HKU1-N2
483,356,000,D064370,Q14EB0.1,20200505,SARS Spike HKU1-N2
484,357,000,D064370,Q14EB0.1,20200505,SARS Spike HKU1-N2
485,358,000,D064370,Q14EB0.1,20200505,SARS Spike HKU1-N2
486,359,000,D064370,Q14EB0.1,20200505,SARS Spike HKU1-N2
487,360,000,D064370,Q14EB0.1,20200505,SARS Spike HKU1-N2
488,361,000,D064370,Q14EB0.1,20200505,SARS Spike HKU1-N2
489,362,000,D064370,Q14EB0.1,20200505,SARS Spike HKU1-N2
490,362,001,D064370,Q14EB0.1,20200505,SARS Spike HKU1-N2
491,363,000,D064370,Q14EB0.1,20200505,SARS Spike HKU1-N2
492,364,000,D064370,Q14EB0.1,20200505,SARS Spike HKU1-N2
493,365,000,D064370,Q14EB0.1,20200505,SARS Spike HKU1-N2
494,366,000,D064370,Q14EB0.1,20200505,SARS Spike HKU1-N2
495,367,000,D064370,Q14EB0.1,20200505,SARS Spike HKU1-N2
496,368,000,D064370,Q14EB0.1,20200505,SARS Spike HKU1-N2
497,369,000,D064370,Q14EB0.1,20200505,SARS Spike HKU1-N2
498,370,000,D064370,Q14EB0.1,20200505,SARS Spike HKU1-N2
499,371,000,D064370,Q14EB0.1,20200505,SARS Spike HKU1-N2
500,372,000,D064370,Q14EB0.1,20200505,SARS Spike HKU1-N2
501,373,000,D064370,Q14EB0.1,20200505,SARS Spike HKU1-N2
502,374,000,D064370,Q14EB0.1,20200505,SARS Spike HKU1-N2
503,375,000,D064370,Q14EB0.1,20200505,SARS Spike HKU1-N2
504,376,000,D064370,Q14EB0.1,20200505,SARS Spike HKU1-N2
505,377,000,D064370,Q14EB0.1,20200505,SARS Spike HKU1-N2
506,378,000,D064370,Q14EB0.1,20200505,SARS Spike HKU1-N2
507,379,000,D064370,Q14EB0.1,20200505,SARS Spike HKU1-N2
508,380,000,D064370,Q14EB0.1,20200505,SARS Spike HKU1-N2
509,381,000,D064370,Q14EB0.1,20200505,SARS Spike HKU1-N2
510,382,000,D064370,Q14EB0.1,20200505,SARS Spike HKU1-N2
511,383,000,D064370,Q14EB0.1,20200505,SARS Spike HKU1-N2
512,384,000,D064370,Q14EB0.1,20200505,SARS Spike HKU1-N2
513,385,000,D064370,Q14EB0.1,20200505,SARS Spike HKU1-N2
514,386,000,D064370,Q14EB0.1,20200505,SARS Spike HKU1-N2
515,387,000,D064370,Q14EB0.1,20200505,SARS Spike HKU1-N2
516,388,000,D064370,Q14EB0.1,20200505,SARS Spike HKU1-N2
517,389,000,D064370,Q14EB0.1,20200505,SARS Spike HKU1-N2
518,390,000,D064370,Q14EB0.1,20200505,SARS Spike HKU1-N2
519,391,000,D064370,Q14EB0.1,20200505,SARS Spike HKU1-N2
520,392,000,D064370,Q14EB0.1,20200505,SARS Spike HKU1-N2
521,393,000,D064370,Q14EB0.1,20200505,SARS Spike HKU1-N2
522,394,000,D064370,Q14EB0.1,20200505,SARS Spike HKU1-N2
523,395,000,D064370,Q14EB0.1,20200505,SARS Spike HKU1-N2
524,396,000,D064370,Q14EB0.1,20200505,SARS Spike HKU1-N2
525,397,000,D064370,Q14EB0.1,20200505,SARS Spike HKU1-N2
526,398,000,D064370,Q14EB0.1,20200505,SARS Spike HKU1-N2
527,399,000,D064370,Q14EB0.1,20200505,SARS Spike HKU1-N2
528,400,000,D064370,Q14EB0.1,20200505,SARS Spike HKU1-N2
529,401,000,D064370,Q14EB0.1,20200505,SARS Spike HKU1-N2
530,402,000,D064370,Q14EB0.1,20200505,SARS Spike HKU1-N2
531,403,000,D064370,Q14EB0.1,20200505,SARS Spike HKU1-N2
532,404,000,D064370,Q14EB0.1,20200505,SARS Spike HKU1-N2
533,405,000,D064370,Q14EB0.1,20200505,SARS Spike HKU1-N2
534,406,000,D064370,Q14EB0.1,20200505,SARS Spike HKU1-N2
535,407,000,D064370,Q14EB0.1,20200505,SARS Spike HKU1-N2
536,408,000,D064370,Q14EB0.1,20200505,SARS Spike HKU1-N2
537,409,000,D064370,Q14EB0.1,20200505,SARS Spike HKU1-N2
538,410,000,D064370,Q14EB0.1,20200505,SARS Spike HKU1-N2
539,411,000,D064370,Q14EB0.1,20200505,SARS Spike HKU1-N2
540,412,000,D064370,Q14EB0.1,20200505,SARS Spike HKU1-N2
541,413,000,D064370,Q14EB0.1,20200505,SARS Spike HKU1-N2
542,414,000,D064370,Q14EB0.1,20200505,SARS Spike HKU1-N2
543,415,000,D064370,Q14EB0.1,20200505,SARS Spike HKU1-N2
544,416,000,D064370,Q14EB0.1,20200505,SARS Spike HKU1-N2
545,417,000,D064370,Q14EB0.1,20200505,SARS Spike HKU1-N2
546,418,000,D064370,Q14EB0.1,20200505,SARS Spike HKU1-N2
547,419,000,D064370,Q14EB0.1,20200505,SARS Spike HKU1-N2
548,420,000,D064370,Q14EB0.1,20200505,SARS Spike HKU1-N2
549,421,000,D064370,Q14EB0.1,20200505,SARS Spike HKU1-N2
550,422,000,D064370,Q14EB0.1,20200505,SARS Spike HKU1-N2
551,423,000,D064370,Q14EB0.1,20200505,SARS Spike HKU1-N2
552,424,000,D064370,Q14EB0.1,20200505,SARS Spike HKU1-N2
553,425,000,D064370,Q14EB0.1,20200505,SARS Spike HKU1-N2
554,426,000,D064370,Q14EB0.1,20200505,SARS Spike HKU1-N2
555,427,000,D064370,Q14EB0.1,20200505,SARS Spike HKU1-N2
556,428,000,D064370,Q14EB0.1,20200505,SARS Spike HKU1-N2
557,429,000,D064370,Q14EB0.1,20200505,SARS Spike HKU1-N2
558,430,000,D064370,Q14EB0.1,20200505,SARS Spike HKU1-N2
559,431,000,D064370,Q14EB0.1,20200505,SARS Spike HKU1-N2
560,432,000,D064370,Q14EB0.1,20200505,SARS Spike HKU1-N2
561,433,000,D064370,Q14EB0.1,20200505,SARS Spike HKU1-N2
562,434,000,D064370,Q14EB0.1,20200505,SARS Spike HKU1-N2
563,435,000,D064370,Q14EB0.1,20200505,SARS Spike HKU1-N2
564,436,000,D064370,Q14EB0.1,20200505,SARS Spike HKU1-N2
565,437,000,D064370,Q14EB0.1,20200505,SARS Spike HKU1-N2
566,438,000,D064370,Q14EB0.1,20200505,SARS Spike HKU1-N2
567,439,000,D064370,Q14EB0.1,20200505,SARS Spike HKU1-N2
568,440,000,D064370,Q14EB0.1,20200505,SARS Spike HKU1-N2
569,441,000,D064370,Q14EB0.1,20200505,SARS Spike HKU1-N2
570,442,000,D064370,Q14EB0.1,20200505,SARS Spike HKU1-N2
571,443,000,D064370,Q14EB0.1,20200505,SARS Spike HKU1-N2
572,444,000,D064370,Q14EB0.1,20200505,SARS Spike HKU1-N2
573,445,000,D064370,Q14EB0.1,20200505,SARS Spike HKU1-N2
574,446,000,D064370,Q14EB0.1,20200505,SARS Spike HKU1-N2
575,447,000,D064370,Q14EB0.1,20200505,SARS Spike HKU1-N2
576,448,000,D064370,Q14EB0.1,20200505,SARS Spike HKU1-N2
577,449,000,D064370,Q14EB0.1,20200505,SARS Spike HKU1-N2
578,450,000,D064370,Q14EB0.1,20200505,SARS Spike HKU1-N2
579,451,000,D064370,Q14EB0.1,20200505,SARS Spike HKU1-N2
580,452,000,D064370,Q14EB0.1,20200505,SARS Spike HKU1-N2
581,453,000,D064370,Q14EB0.1,20200505,SARS Spike HKU1-N2
582,454,000,D064370,Q14EB0.1,20200505,SARS Spike HKU1-N2
583,455,000,D064370,Q14EB0.1,20200505,SARS Spike HKU1-N2
584,455,001,D064370,Q14EB0.1,20200505,SARS Spike HKU1-N2
585,455,002,D064370,Q14EB0.1,20200505,SARS Spike HKU1-N2
586,455,003,D064370,Q14EB0.1,20200505,SARS Spike HKU1-N2
587,455,004,D064370,Q14EB0.1,20200505,SARS Spike HKU1-N2
588,455,005,D064370,Q14EB0.1,20200505,SARS Spike HKU1-N2
589,455,006,D064370,Q14EB0.1,20200505,SARS Spike HKU1-N2
590,455,007,D064370,Q14EB0.1,20200505,SARS Spike HKU1-N2
591,455,008,D064370,Q14EB0.1,20200505,SARS Spike HKU1-N2
592,455,009,D064370,Q14EB0.1,20200505,SARS Spike HKU1-N2
593,456,000,D064370,Q14EB0.1,20200505,SARS Spike HKU1-N2
594,457,000,D064370,Q14EB0.1,20200505,SARS Spike HKU1-N2
595,458,000,D064370,Q14EB0.1,20200505,SARS Spike HKU1-N2
596,459,000,D064370,Q14EB0.1,20200505,SARS Spike HKU1-N2
597,460,000,D064370,Q14EB0.1,20200505,SARS Spike HKU1-N2
598,461,000,D064370,Q14EB0.1,20200505,SARS Spike HKU1-N2
599,462,000,D064370,Q14EB0.1,20200505,SARS Spike HKU1-N2
600,463,000,D064370,Q14EB0.1,20200505,SARS Spike HKU1-N2
601,464,000,D064370,Q14EB0.1,20200505,SARS Spike HKU1-N2
602,465,000,D064370,Q14EB0.1,20200505,SARS Spike HKU1-N2
603,466,000,D064370,Q14EB0.1,20200505,SARS Spike HKU1-N2
604,467,000,D064370,Q14EB0.1,20200505,SARS Spike HKU1-N2
605,468,000,D064370,Q14EB0.1,20200505,SARS Spike HKU1-N2
606,469,000,D064370,Q14EB0.1,20200505,SARS Spike HKU1-N2
607,470,000,D064370,Q14EB0.1,20200505,SARS Spike HKU1-N2
608,471,000,D064370,Q14EB0.1,20200505,SARS Spike HKU1-N2
609,472,000,D064370,Q14EB0.1,20200505,SARS Spike HKU1-N2
610,473,000,D064370,Q14EB0.1,20200505,SARS Spike HKU1-N2
611,474,000,D064370,Q14EB0.1,20200505,SARS Spike HKU1-N2
612,475,000,D064370,Q14EB0.1,20200505,SARS Spike HKU1-N2
613,476,000,D064370,Q14EB0.1,20200505,SARS Spike HKU1-N2
614,477,000,D064370,Q14EB0.1,20200505,SARS Spike HKU1-N2
615,478,000,D064370,Q14EB0.1,20200505,SARS Spike HKU1-N2
616,479,000,D064370,Q14EB0.1,20200505,SARS Spike HKU1-N2
617,480,000,D064370,Q14EB0.1,20200505,SARS Spike HKU1-N2
618,481,000,D064370,Q14EB0.1,20200505,SARS Spike HKU1-N2
619,482,000,D064370,Q14EB0.1,20200505,SARS Spike HKU1-N2
620,483,000,D064370,Q14EB0.1,20200505,SARS Spike HKU1-N2
621,484,000,D064370,Q14EB0.1,20200505,SARS Spike HKU1-N2
622,485,000,D064370,Q14EB0.1,20200505,SARS Spike HKU1-N2
623,486,000,D064370,Q14EB0.1,20200505,SARS Spike HKU1-N2
624,486,001,D064370,Q14EB0.1,20200505,SARS Spike HKU1-N2
625,486,002,D064370,Q14EB0.1,20200505,SARS Spike HKU1-N2
626,486,003,D064370,Q14EB0.1,20200505,SARS Spike HKU1-N2
627,486,004,D064370,Q14EB0.1,20200505,SARS Spike HKU1-N2
628,486,005,D064370,Q14EB0.1,20200505,SARS Spike HKU1-N2
629,486,006,D064370,Q14EB0.1,20200505,SARS Spike HKU1-N2
630,486,007,D064370,Q14EB0.1,20200505,SARS Spike HKU1-N2
631,487,000,D064370,Q14EB0.1,20200505,SARS Spike HKU1-N2
632,488,000,D064370,Q14EB0.1,20200505,SARS Spike HKU1-N2
633,489,000,D064370,Q14EB0.1,20200505,SARS Spike HKU1-N2
634,490,000,D064370,Q14EB0.1,20200505,SARS Spike HKU1-N2
635,491,000,D064370,Q14EB0.1,20200505,SARS Spike HKU1-N2
636,492,000,D064370,Q14EB0.1,20200505,SARS Spike HKU1-N2
637,493,000,D064370,Q14EB0.1,20200505,SARS Spike HKU1-N2
638,494,000,D064370,Q14EB0.1,20200505,SARS Spike HKU1-N2
639,495,000,D064370,Q14EB0.1,20200505,SARS Spike HKU1-N2
640,496,000,D064370,Q14EB0.1,20200505,SARS Spike HKU1-N2
641,497,000,D064370,Q14EB0.1,20200505,SARS Spike HKU1-N2
642,498,000,D064370,Q14EB0.1,20200505,SARS Spike HKU1-N2
643,499,000,D064370,Q14EB0.1,20200505,SARS Spike HKU1-N2
644,500,000,D064370,Q14EB0.1,20200505,SARS Spike HKU1-N2
645,500,001,D064370,Q14EB0.1,20200505,SARS Spike HKU1-N2
646,500,002,D064370,Q14EB0.1,20200505,SARS Spike HKU1-N2
647,500,003,D064370,Q14EB0.1,20200505,SARS Spike HKU1-N2
648,500,004,D064370,Q14EB0.1,20200505,SARS Spike HKU1-N2
649,500,005,D064370,Q14EB0.1,20200505,SARS Spike HKU1-N2
650,501,000,D064370,Q14EB0.1,20200505,SARS Spike HKU1-N2
651,502,000,D064370,Q14EB0.1,20200505,SARS Spike HKU1-N2
652,503,000,D064370,Q14EB0.1,20200505,SARS Spike HKU1-N2
653,504,000,D064370,Q14EB0.1,20200505,SARS Spike HKU1-N2
654,505,000,D064370,Q14EB0.1,20200505,SARS Spike HKU1-N2
655,506,000,D064370,Q14EB0.1,20200505,SARS Spike HKU1-N2
656,507,000,D064370,Q14EB0.1,20200505,SARS Spike HKU1-N2
657,508,000,D064370,Q14EB0.1,20200505,SARS Spike HKU1-N2
658,509,000,D064370,Q14EB0.1,20200505,SARS Spike HKU1-N2
659,509,001,D064370,Q14EB0.1,20200505,SARS Spike HKU1-N2
660,509,002,D064370,Q14EB0.1,20200505,SARS Spike HKU1-N2
661,509,003,D064370,Q14EB0.1,20200505,SARS Spike HKU1-N2
662,509,004,D064370,Q14EB0.1,20200505,SARS Spike HKU1-N2
663,509,005,D064370,Q14EB0.1,20200505,SARS Spike HKU1-N2
664,509,006,D064370,Q14EB0.1,20200505,SARS Spike HKU1-N2
665,509,007,D064370,Q14EB0.1,20200505,SARS Spike HKU1-N2
666,509,008,D064370,Q14EB0.1,20200505,SARS Spike HKU1-N2
667,509,009,D064370,Q14EB0.1,20200505,SARS Spike HKU1-N2
668,509,010,D064370,Q14EB0.1,20200505,SARS Spike HKU1-N2
669,510,000,D064370,Q14EB0.1,20200505,SARS Spike HKU1-N2
670,511,000,D064370,Q14EB0.1,20200505,SARS Spike HKU1-N2
671,512,000,D064370,Q14EB0.1,20200505,SARS Spike HKU1-N2
672,513,000,D064370,Q14EB0.1,20200505,SARS Spike HKU1-N2
673,514,000,D064370,Q14EB0.1,20200505,SARS Spike HKU1-N2
674,515,000,D064370,Q14EB0.1,20200505,SARS Spike HKU1-N2
675,516,000,D064370,Q14EB0.1,20200505,SARS Spike HKU1-N2
676,517,000,D064370,Q14EB0.1,20200505,SARS Spike HKU1-N2
677,518,000,D064370,Q14EB0.1,20200505,SARS Spike HKU1-N2
678,519,000,D064370,Q14EB0.1,20200505,SARS Spike HKU1-N2
679,520,000,D064370,Q14EB0.1,20200505,SARS Spike HKU1-N2
680,521,000,D064370,Q14EB0.1,20200505,SARS Spike HKU1-N2
681,522,000,D064370,Q14EB0.1,20200505,SARS Spike HKU1-N2
682,523,000,D064370,Q14EB0.1,20200505,SARS Spike HKU1-N2
683,524,000,D064370,Q14EB0.1,20200505,SARS Spike HKU1-N2
684,525,000,D064370,Q14EB0.1,20200505,SARS Spike HKU1-N2
685,526,000,D064370,Q14EB0.1,20200505,SARS Spike HKU1-N2
686,527,000,D064370,Q14EB0.1,20200505,SARS Spike HKU1-N2
687,528,000,D064370,Q14EB0.1,20200505,SARS Spike HKU1-N2
688,528,001,D064370,Q14EB0.1,20200505,SARS Spike HKU1-N2
689,528,002,D064370,Q14EB0.1,20200505,SARS Spike HKU1-N2
690,528,003,D064370,Q14EB0.1,20200505,SARS Spike HKU1-N2
691,528,004,D064370,Q14EB0.1,20200505,SARS Spike HKU1-N2
692,528,005,D064370,Q14EB0.1,20200505,SARS Spike HKU1-N2
693,529,000,D064370,Q14EB0.1,20200505,SARS Spike HKU1-N2
694,530,000,D064370,Q14EB0.1,20200505,SARS Spike HKU1-N2
695,531,000,D064370,Q14EB0.1,20200505,SARS Spike HKU1-N2
696,532,000,D064370,Q14EB0.1,20200505,SARS Spike HKU1-N2
697,533,000,D064370,Q14EB0.1,20200505,SARS Spike HKU1-N2
698,534,000,D064370,Q14EB0.1,20200505,SARS Spike HKU1-N2
699,535,000,D064370,Q14EB0.1,20200505,SARS Spike HKU1-N2
700,536,000,D064370,Q14EB0.1,20200505,SARS Spike HKU1-N2
701,537,000,D064370,Q14EB0.1,20200505,SARS Spike HKU1-N2
702,538,000,D064370,Q14EB0.1,20200505,SARS Spike HKU1-N2
703,539,000,D064370,Q14EB0.1,20200505,SARS Spike HKU1-N2
704,540,000,D064370,Q14EB0.1,20200505,SARS Spike HKU1-N2
705,541,000,D064370,Q14EB0.1,20200505,SARS Spike HKU1-N2
706,542,000,D064370,Q14EB0.1,20200505,SARS Spike HKU1-N2
707,543,000,D064370,Q14EB0.1,20200505,SARS Spike HKU1-N2
708,544,000,D064370,Q14EB0.1,20200505,SARS Spike HKU1-N2
709,545,000,D064370,Q14EB0.1,20200505,SARS Spike HKU1-N2
710,546,000,D064370,Q14EB0.1,20200505,SARS Spike HKU1-N2
711,547,000,D064370,Q14EB0.1,20200505,SARS Spike HKU1-N2
712,548,000,D064370,Q14EB0.1,20200505,SARS Spike HKU1-N2
713,549,000,D064370,Q14EB0.1,20200505,SARS Spike HKU1-N2
714,550,000,D064370,Q14EB0.1,20200505,SARS Spike HKU1-N2
715,551,000,D064370,Q14EB0.1,20200505,SARS Spike HKU1-N2
716,552,000,D064370,Q14EB0.1,20200505,SARS Spike HKU1-N2
717,553,000,D064370,Q14EB0.1,20200505,SARS Spike HKU1-N2
718,554,000,D064370,Q14EB0.1,20200505,SARS Spike HKU1-N2
719,555,000,D064370,Q14EB0.1,20200505,SARS Spike HKU1-N2
720,556,000,D064370,Q14EB0.1,20200505,SARS Spike HKU1-N2
721,557,000,D064370,Q14EB0.1,20200505,SARS Spike HKU1-N2
722,558,000,D064370,Q14EB0.1,20200505,SARS Spike HKU1-N2
723,559,000,D064370,Q14EB0.1,20200505,SARS Spike HKU1-N2
724,560,000,D064370,Q14EB0.1,20200505,SARS Spike HKU1-N2
725,561,000,D064370,Q14EB0.1,20200505,SARS Spike HKU1-N2
726,561,001,D064370,Q14EB0.1,20200505,SARS Spike HKU1-N2
727,561,002,D064370,Q14EB0.1,20200505,SARS Spike HKU1-N2
728,561,003,D064370,Q14EB0.1,20200505,SARS Spike HKU1-N2
729,562,000,D064370,Q14EB0.1,20200505,SARS Spike HKU1-N2
730,563,000,D064370,Q14EB0.1,20200505,SARS Spike HKU1-N2
731,564,000,D064370,Q14EB0.1,20200505,SARS Spike HKU1-N2
732,565,000,D064370,Q14EB0.1,20200505,SARS Spike HKU1-N2
733,566,000,D064370,Q14EB0.1,20200505,SARS Spike HKU1-N2
734,567,000,D064370,Q14EB0.1,20200505,SARS Spike HKU1-N2
735,568,000,D064370,Q14EB0.1,20200505,SARS Spike HKU1-N2
736,569,000,D064370,Q14EB0.1,20200505,SARS Spike HKU1-N2
737,570,000,D064370,Q14EB0.1,20200505,SARS Spike HKU1-N2
738,570,001,D064370,Q14EB0.1,20200505,SARS Spike HKU1-N2
739,570,002,D064370,Q14EB0.1,20200505,SARS Spike HKU1-N2
740,570,003,D064370,Q14EB0.1,20200505,SARS Spike HKU1-N2
741,570,004,D064370,Q14EB0.1,20200505,SARS Spike HKU1-N2
742,570,005,D064370,Q14EB0.1,20200505,SARS Spike HKU1-N2
743,570,006,D064370,Q14EB0.1,20200505,SARS Spike HKU1-N2
744,570,007,D064370,Q14EB0.1,20200505,SARS Spike HKU1-N2
745,570,008,D064370,Q14EB0.1,20200505,SARS Spike HKU1-N2
746,570,009,D064370,Q14EB0.1,20200505,SARS Spike HKU1-N2
747,570,010,D064370,Q14EB0.1,20200505,SARS Spike HKU1-N2
748,570,011,D064370,Q14EB0.1,20200505,SARS Spike HKU1-N2
749,570,012,D064370,Q14EB0.1,20200505,SARS Spike HKU1-N2
750,571,000,D064370,Q14EB0.1,20200505,SARS Spike HKU1-N2
751,572,000,D064370,Q14EB0.1,20200505,SARS Spike HKU1-N2
752,573,000,D064370,Q14EB0.1,20200505,SARS Spike HKU1-N2
753,574,000,D064370,Q14EB0.1,20200505,SARS Spike HKU1-N2
754,575,000,D064370,Q14EB0.1,20200505,SARS Spike HKU1-N2
755,576,000,D064370,Q14EB0.1,20200505,SARS Spike HKU1-N2
756,577,000,D064370,Q14EB0.1,20200505,SARS Spike HKU1-N2
757,578,000,D064370,Q14EB0.1,20200505,SARS Spike HKU1-N2
758,578,001,D064370,Q14EB0.1,20200505,SARS Spike HKU1-N2
759,579,000,D064370,Q14EB0.1,20200505,SARS Spike HKU1-N2
760,580,000,D064370,Q14EB0.1,20200505,SARS Spike HKU1-N2
761,581,000,D064370,Q14EB0.1,20200505,SARS Spike HKU1-N2
762,582,000,D064370,Q14EB0.1,20200505,SARS Spike HKU1-N2
763,583,000,D064370,Q14EB0.1,20200505,SARS Spike HKU1-N2
764,584,000,D064370,Q14EB0.1,20200505,SARS Spike HKU1-N2
765,585,000,D064370,Q14EB0.1,20200505,SARS Spike HKU1-N2
766,586,000,D064370,Q14EB0.1,20200505,SARS Spike HKU1-N2
767,587,000,D064370,Q14EB0.1,20200505,SARS Spike HKU1-N2
768,588,000,D064370,Q14EB0.1,20200505,SARS Spike HKU1-N2
769,589,000,D064370,Q14EB0.1,20200505,SARS Spike HKU1-N2
770,590,000,D064370,Q14EB0.1,20200505,SARS Spike HKU1-N2
771,591,000,D064370,Q14EB0.1,20200505,SARS Spike HKU1-N2
772,592,000,D064370,Q14EB0.1,20200505,SARS Spike HKU1-N2
773,593,000,D064370,Q14EB0.1,20200505,SARS Spike HKU1-N2
774,594,000,D064370,Q14EB0.1,20200505,SARS Spike HKU1-N2
775,595,000,D064370,Q14EB0.1,20200505,SARS Spike HKU1-N2
776,596,000,D064370,Q14EB0.1,20200505,SARS Spike HKU1-N2
777,597,000,D064370,Q14EB0.1,20200505,SARS Spike HKU1-N2
778,598,000,D064370,Q14EB0.1,20200505,SARS Spike HKU1-N2
779,599,000,D064370,Q14EB0.1,20200505,SARS Spike HKU1-N2
780,600,000,D064370,Q14EB0.1,20200505,SARS Spike HKU1-N2
781,601,000,D064370,Q14EB0.1,20200505,SARS Spike HKU1-N2
782,602,000,D064370,Q14EB0.1,20200505,SARS Spike HKU1-N2
783,603,000,D064370,Q14EB0.1,20200505,SARS Spike HKU1-N2
784,604,000,D064370,Q14EB0.1,20200505,SARS Spike HKU1-N2
785,605,000,D064370,Q14EB0.1,20200505,SARS Spike HKU1-N2
786,606,000,D064370,Q14EB0.1,20200505,SARS Spike HKU1-N2
787,607,000,D064370,Q14EB0.1,20200505,SARS Spike HKU1-N2
788,608,000,D064370,Q14EB0.1,20200505,SARS Spike HKU1-N2
789,608,001,D064370,Q14EB0.1,20200505,SARS Spike HKU1-N2
790,608,002,D064370,Q14EB0.1,20200505,SARS Spike HKU1-N2
791,608,003,D064370,Q14EB0.1,20200505,SARS Spike HKU1-N2
792,609,000,D064370,Q14EB0.1,20200505,SARS Spike HKU1-N2
793,610,000,D064370,Q14EB0.1,20200505,SARS Spike HKU1-N2
794,611,000,D064370,Q14EB0.1,20200505,SARS Spike HKU1-N2
795,612,000,D064370,Q14EB0.1,20200505,SARS Spike HKU1-N2
796,613,000,D064370,Q14EB0.1,20200505,SARS Spike HKU1-N2
797,614,000,D064370,Q14EB0.1,20200505,SARS Spike HKU1-N2
798,615,000,D064370,Q14EB0.1,20200505,SARS Spike HKU1-N2
799,616,000,D064370,Q14EB0.1,20200505,SARS Spike HKU1-N2
800,617,000,D064370,Q14EB0.1,20200505,SARS Spike HKU1-N2
801,618,000,D064370,Q14EB0.1,20200505,SARS Spike HKU1-N2
802,619,000,D064370,Q14EB0.1,20200505,SARS Spike HKU1-N2
803,620,000,D064370,Q14EB0.1,20200505,SARS Spike HKU1-N2
804,621,000,D064370,Q14EB0.1,20200505,SARS Spike HKU1-N2
805,622,000,D064370,Q14EB0.1,20200505,SARS Spike HKU1-N2
806,623,000,D064370,Q14EB0.1,20200505,SARS Spike HKU1-N2
807,624,000,D064370,Q14EB0.1,20200505,SARS Spike HKU1-N2
808,625,000,D064370,Q14EB0.1,20200505,SARS Spike HKU1-N2
809,626,000,D064370,Q14EB0.1,20200505,SARS Spike HKU1-N2
810,627,000,D064370,Q14EB0.1,20200505,SARS Spike HKU1-N2
811,628,000,D064370,Q14EB0.1,20200505,SARS Spike HKU1-N2
812,629,000,D064370,Q14EB0.1,20200505,SARS Spike HKU1-N2
813,630,000,D064370,Q14EB0.1,20200505,SARS Spike HKU1-N2
814,631,000,D064370,Q14EB0.1,20200505,SARS Spike HKU1-N2
815,632,000,D064370,Q14EB0.1,20200505,SARS Spike HKU1-N2
816,633,000,D064370,Q14EB0.1,20200505,SARS Spike HKU1-N2
817,634,000,D064370,Q14EB0.1,20200505,SARS Spike HKU1-N2
818,635,000,D064370,Q14EB0.1,20200505,SARS Spike HKU1-N2
819,636,000,D064370,Q14EB0.1,20200505,SARS Spike HKU1-N2
820,637,000,D064370,Q14EB0.1,20200505,SARS Spike HKU1-N2
821,638,000,D064370,Q14EB0.1,20200505,SARS Spike HKU1-N2
822,639,000,D064370,Q14EB0.1,20200505,SARS Spike HKU1-N2
823,640,000,D064370,Q14EB0.1,20200505,SARS Spike HKU1-N2
824,641,000,D064370,Q14EB0.1,20200505,SARS Spike HKU1-N2
825,642,000,D064370,Q14EB0.1,20200505,SARS Spike HKU1-N2
826,643,000,D064370,Q14EB0.1,20200505,SARS Spike HKU1-N2
827,644,000,D064370,Q14EB0.1,20200505,SARS Spike HKU1-N2
828,645,000,D064370,Q14EB0.1,20200505,SARS Spike HKU1-N2
829,646,000,D064370,Q14EB0.1,20200505,SARS Spike HKU1-N2
830,647,000,D064370,Q14EB0.1,20200505,SARS Spike HKU1-N2
831,648,000,D064370,Q14EB0.1,20200505,SARS Spike HKU1-N2
832,649,000,D064370,Q14EB0.1,20200505,SARS Spike HKU1-N2
833,650,000,D064370,Q14EB0.1,20200505,SARS Spike HKU1-N2
834,651,000,D064370,Q14EB0.1,20200505,SARS Spike HKU1-N2
835,652,000,D064370,Q14EB0.1,20200505,SARS Spike HKU1-N2
836,653,000,D064370,Q14EB0.1,20200505,SARS Spike HKU1-N2
837,654,000,D064370,Q14EB0.1,20200505,SARS Spike HKU1-N2
838,655,000,D064370,Q14EB0.1,20200505,SARS Spike HKU1-N2
839,656,000,D064370,Q14EB0.1,20200505,SARS Spike HKU1-N2
840,657,000,D064370,Q14EB0.1,20200505,SARS Spike HKU1-N2
841,658,000,D064370,Q14EB0.1,20200505,SARS Spike HKU1-N2
842,659,000,D064370,Q14EB0.1,20200505,SARS Spike HKU1-N2
843,660,000,D064370,Q14EB0.1,20200505,SARS Spike HKU1-N2
844,661,000,D064370,Q14EB0.1,20200505,SARS Spike HKU1-N2
845,662,000,D064370,Q14EB0.1,20200505,SARS Spike HKU1-N2
846,663,000,D064370,Q14EB0.1,20200505,SARS Spike HKU1-N2
847,664,000,D064370,Q14EB0.1,20200505,SARS Spike HKU1-N2
848,665,000,D064370,Q14EB0.1,20200505,SARS Spike HKU1-N2
849,666,000,D064370,Q14EB0.1,20200505,SARS Spike HKU1-N2
850,667,000,D064370,Q14EB0.1,20200505,SARS Spike HKU1-N2
851,668,000,D064370,Q14EB0.1,20200505,SARS Spike HKU1-N2
852,669,000,D064370,Q14EB0.1,20200505,SARS Spike HKU1-N2
853,670,000,D064370,Q14EB0.1,20200505,SARS Spike HKU1-N2
854,671,000,D064370,Q14EB0.1,20200505,SARS Spike HKU1-N2
855,672,000,D064370,Q14EB0.1,20200505,SARS Spike HKU1-N2
856,673,000,D064370,Q14EB0.1,20200505,SARS Spike HKU1-N2
857,674,000,D064370,Q14EB0.1,20200505,SARS Spike HKU1-N2
858,675,000,D064370,Q14EB0.1,20200505,SARS Spike HKU1-N2
859,676,000,D064370,Q14EB0.1,20200505,SARS Spike HKU1-N2
860,677,000,D064370,Q14EB0.1,20200505,SARS Spike HKU1-N2
861,678,000,D064370,Q14EB0.1,20200505,SARS Spike HKU1-N2
862,679,000,D064370,Q14EB0.1,20200505,SARS Spike HKU1-N2
863,680,000,D064370,Q14EB0.1,20200505,SARS Spike HKU1-N2
864,681,000,D064370,Q14EB0.1,20200505,SARS Spike HKU1-N2
865,682,000,D064370,Q14EB0.1,20200505,SARS Spike HKU1-N2
866,683,000,D064370,Q14EB0.1,20200505,SARS Spike HKU1-N2
867,683,001,D064370,Q14EB0.1,20200505,SARS Spike HKU1-N2
868,683,002,D064370,Q14EB0.1,20200505,SARS Spike HKU1-N2
869,684,000,D064370,Q14EB0.1,20200505,SARS Spike HKU1-N2
870,685,000,D064370,Q14EB0.1,20200505,SARS Spike HKU1-N2
871,686,000,D064370,Q14EB0.1,20200505,SARS Spike HKU1-N2
872,687,000,D064370,Q14EB0.1,20200505,SARS Spike HKU1-N2
873,688,000,D064370,Q14EB0.1,20200505,SARS Spike HKU1-N2
874,689,000,D064370,Q14EB0.1,20200505,SARS Spike HKU1-N2
875,690,000,D064370,Q14EB0.1,20200505,SARS Spike HKU1-N2
876,691,000,D064370,Q14EB0.1,20200505,SARS Spike HKU1-N2
877,692,000,D064370,Q14EB0.1,20200505,SARS Spike HKU1-N2
878,693,000,D064370,Q14EB0.1,20200505,SARS Spike HKU1-N2
879,694,000,D064370,Q14EB0.1,20200505,SARS Spike HKU1-N2
880,695,000,D064370,Q14EB0.1,20200505,SARS Spike HKU1-N2
881,696,000,D064370,Q14EB0.1,20200505,SARS Spike HKU1-N2
882,697,000,D064370,Q14EB0.1,20200505,SARS Spike HKU1-N2
883,698,000,D064370,Q14EB0.1,20200505,SARS Spike HKU1-N2
884,699,000,D064370,Q14EB0.1,20200505,SARS Spike HKU1-N2
885,700,000,D064370,Q14EB0.1,20200505,SARS Spike HKU1-N2
886,701,000,D064370,Q14EB0.1,20200505,SARS Spike HKU1-N2
887,702,000,D064370,Q14EB0.1,20200505,SARS Spike HKU1-N2
888,703,000,D064370,Q14EB0.1,20200505,SARS Spike HKU1-N2
889,704,000,D064370,Q14EB0.1,20200505,SARS Spike HKU1-N2
890,704,001,D064370,Q14EB0.1,20200505,SARS Spike HKU1-N2
891,704,002,D064370,Q14EB0.1,20200505,SARS Spike HKU1-N2
892,704,003,D064370,Q14EB0.1,20200505,SARS Spike HKU1-N2
893,704,004,D064370,Q14EB0.1,20200505,SARS Spike HKU1-N2
894,705,000,D064370,Q14EB0.1,20200505,SARS Spike HKU1-N2
895,706,000,D064370,Q14EB0.1,20200505,SARS Spike HKU1-N2
896,707,000,D064370,Q14EB0.1,20200505,SARS Spike HKU1-N2
897,708,000,D064370,Q14EB0.1,20200505,SARS Spike HKU1-N2
898,708,001,D064370,Q14EB0.1,20200505,SARS Spike HKU1-N2
899,708,002,D064370,Q14EB0.1,20200505,SARS Spike HKU1-N2
900,708,003,D064370,Q14EB0.1,20200505,SARS Spike HKU1-N2
901,708,004,D064370,Q14EB0.1,20200505,SARS Spike HKU1-N2
902,708,005,D064370,Q14EB0.1,20200505,SARS Spike HKU1-N2
903,708,006,D064370,Q14EB0.1,20200505,SARS Spike HKU1-N2
904,708,007,D064370,Q14EB0.1,20200505,SARS Spike HKU1-N2
905,708,008,D064370,Q14EB0.1,20200505,SARS Spike HKU1-N2
906,708,009,D064370,Q14EB0.1,20200505,SARS Spike HKU1-N2
907,709,000,D064370,Q14EB0.1,20200505,SARS Spike HKU1-N2
908,710,000,D064370,Q14EB0.1,20200505,SARS Spike HKU1-N2
909,710,001,D064370,Q14EB0.1,20200505,SARS Spike HKU1-N2
910,710,002,D064370,Q14EB0.1,20200505,SARS Spike HKU1-N2
911,711,000,D064370,Q14EB0.1,20200505,SARS Spike HKU1-N2
912,712,000,D064370,Q14EB0.1,20200505,SARS Spike HKU1-N2
913,713,000,D064370,Q14EB0.1,20200505,SARS Spike HKU1-N2
914,714,000,D064370,Q14EB0.1,20200505,SARS Spike HKU1-N2
915,715,000,D064370,Q14EB0.1,20200505,SARS Spike HKU1-N2
916,716,000,D064370,Q14EB0.1,20200505,SARS Spike HKU1-N2
917,717,000,D064370,Q14EB0.1,20200505,SARS Spike HKU1-N2
918,718,000,D064370,Q14EB0.1,20200505,SARS Spike HKU1-N2
919,719,000,D064370,Q14EB0.1,20200505,SARS Spike HKU1-N2
920,720,000,D064370,Q14EB0.1,20200505,SARS Spike HKU1-N2
921,721,000,D064370,Q14EB0.1,20200505,SARS Spike HKU1-N2
922,722,000,D064370,Q14EB0.1,20200505,SARS Spike HKU1-N2
923,723,000,D064370,Q14EB0.1,20200505,SARS Spike HKU1-N2
924,724,000,D064370,Q14EB0.1,20200505,SARS Spike HKU1-N2
925,725,000,D064370,Q14EB0.1,20200505,SARS Spike HKU1-N2
926,726,000,D064370,Q14EB0.1,20200505,SARS Spike HKU1-N2
927,727,000,D064370,Q14EB0.1,20200505,SARS Spike HKU1-N2
928,728,000,D064370,Q14EB0.1,20200505,SARS Spike HKU1-N2
929,729,000,D064370,Q14EB0.1,20200505,SARS Spike HKU1-N2
930,730,000,D064370,Q14EB0.1,20200505,SARS Spike HKU1-N2
931,731,000,D064370,Q14EB0.1,20200505,SARS Spike HKU1-N2
932,732,000,D064370,Q14EB0.1,20200505,SARS Spike HKU1-N2
933,732,001,D064370,Q14EB0.1,20200505,SARS Spike HKU1-N2
934,732,002,D064370,Q14EB0.1,20200505,SARS Spike HKU1-N2
935,733,000,D064370,Q14EB0.1,20200505,SARS Spike HKU1-N2
936,734,000,D064370,Q14EB0.1,20200505,SARS Spike HKU1-N2
937,735,000,D064370,Q14EB0.1,20200505,SARS Spike HKU1-N2
938,736,000,D064370,Q14EB0.1,20200505,SARS Spike HKU1-N2
939,737,000,D064370,Q14EB0.1,20200505,SARS Spike HKU1-N2
940,738,000,D064370,Q14EB0.1,20200505,SARS Spike HKU1-N2
941,739,000,D064370,Q14EB0.1,20200505,SARS Spike HKU1-N2
942,740,000,D064370,Q14EB0.1,20200505,SARS Spike HKU1-N2
943,741,000,D064370,Q14EB0.1,20200505,SARS Spike HKU1-N2
944,742,000,D064370,Q14EB0.1,20200505,SARS Spike HKU1-N2
945,743,000,D064370,Q14EB0.1,20200505,SARS Spike HKU1-N2
946,744,000,D064370,Q14EB0.1,20200505,SARS Spike HKU1-N2
947,745,000,D064370,Q14EB0.1,20200505,SARS Spike HKU1-N2
948,746,000,D064370,Q14EB0.1,20200505,SARS Spike HKU1-N2
949,747,000,D064370,Q14EB0.1,20200505,SARS Spike HKU1-N2
950,748,000,D064370,Q14EB0.1,20200505,SARS Spike HKU1-N2
951,749,000,D064370,Q14EB0.1,20200505,SARS Spike HKU1-N2
952,750,000,D064370,Q14EB0.1,20200505,SARS Spike HKU1-N2
953,750,001,D064370,Q14EB0.1,20200505,SARS Spike HKU1-N2
954,750,002,D064370,Q14EB0.1,20200505,SARS Spike HKU1-N2
955,750,003,D064370,Q14EB0.1,20200505,SARS Spike HKU1-N2
956,751,000,D064370,Q14EB0.1,20200505,SARS Spike HKU1-N2
957,752,000,D064370,Q14EB0.1,20200505,SARS Spike HKU1-N2
958,753,000,D064370,Q14EB0.1,20200505,SARS Spike HKU1-N2
959,754,000,D064370,Q14EB0.1,20200505,SARS Spike HKU1-N2
960,755,000,D064370,Q14EB0.1,20200505,SARS Spike HKU1-N2
961,756,000,D064370,Q14EB0.1,20200505,SARS Spike HKU1-N2
962,757,000,D064370,Q14EB0.1,20200505,SARS Spike HKU1-N2
963,758,000,D064370,Q14EB0.1,20200505,SARS Spike HKU1-N2
964,759,000,D064370,Q14EB0.1,20200505,SARS Spike HKU1-N2
965,760,000,D064370,Q14EB0.1,20200505,SARS Spike HKU1-N2
966,761,000,D064370,Q14EB0.1,20200505,SARS Spike HKU1-N2
967,762,000,D064370,Q14EB0.1,20200505,SARS Spike HKU1-N2
968,763,000,D064370,Q14EB0.1,20200505,SARS Spike HKU1-N2
969,764,000,D064370,Q14EB0.1,20200505,SARS Spike HKU1-N2
970,765,000,D064370,Q14EB0.1,20200505,SARS Spike HKU1-N2
971,766,000,D064370,Q14EB0.1,20200505,SARS Spike HKU1-N2
972,767,000,D064370,Q14EB0.1,20200505,SARS Spike HKU1-N2
973,768,000,D064370,Q14EB0.1,20200505,SARS Spike HKU1-N2
974,769,000,D064370,Q14EB0.1,20200505,SARS Spike HKU1-N2
975,770,000,D064370,Q14EB0.1,20200505,SARS Spike HKU1-N2
976,771,000,D064370,Q14EB0.1,20200505,SARS Spike HKU1-N2
977,772,000,D064370,Q14EB0.1,20200505,SARS Spike HKU1-N2
978,773,000,D064370,Q14EB0.1,20200505,SARS Spike HKU1-N2
979,774,000,D064370,Q14EB0.1,20200505,SARS Spike HKU1-N2
980,775,000,D064370,Q14EB0.1,20200505,SARS Spike HKU1-N2
981,776,000,D064370,Q14EB0.1,20200505,SARS Spike HKU1-N2
982,777,000,D064370,Q14EB0.1,20200505,SARS Spike HKU1-N2
983,778,000,D064370,Q14EB0.1,20200505,SARS Spike HKU1-N2
984,779,000,D064370,Q14EB0.1,20200505,SARS Spike HKU1-N2
985,780,000,D064370,Q14EB0.1,20200505,SARS Spike HKU1-N2
986,781,000,D064370,Q14EB0.1,20200505,SARS Spike HKU1-N2
987,782,000,D064370,Q14EB0.1,20200505,SARS Spike HKU1-N2
988,783,000,D064370,Q14EB0.1,20200505,SARS Spike HKU1-N2
989,784,000,D064370,Q14EB0.1,20200505,SARS Spike HKU1-N2
990,785,000,D064370,Q14EB0.1,20200505,SARS Spike HKU1-N2
991,786,000,D064370,Q14EB0.1,20200505,SARS Spike HKU1-N2
992,787,000,D064370,Q14EB0.1,20200505,SARS Spike HKU1-N2
993,788,000,D064370,Q14EB0.1,20200505,SARS Spike HKU1-N2
994,789,000,D064370,Q14EB0.1,20200505,SARS Spike HKU1-N2
995,790,000,D064370,Q14EB0.1,20200505,SARS Spike HKU1-N2
996,791,000,D064370,Q14EB0.1,20200505,SARS Spike HKU1-N2
997,792,000,D064370,Q14EB0.1,20200505,SARS Spike HKU1-N2
998,793,000,D064370,Q14EB0.1,20200505,SARS Spike HKU1-N2
999,794,000,D064370,Q14EB0.1,20200505,SARS Spike HKU1-N2
1000,795,000,D064370,Q14EB0.1,20200505,SARS Spike HKU1-N2
1001,796,000,D064370,Q14EB0.1,20200505,SARS Spike HKU1-N2
1002,797,000,D064370,Q14EB0.1,20200505,SARS Spike HKU1-N2
1003,798,000,D064370,Q14EB0.1,20200505,SARS Spike HKU1-N2
1004,799,000,D064370,Q14EB0.1,20200505,SARS Spike HKU1-N2
1005,800,000,D064370,Q14EB0.1,20200505,SARS Spike HKU1-N2
1006,801,000,D064370,Q14EB0.1,20200505,SARS Spike HKU1-N2
1007,802,000,D064370,Q14EB0.1,20200505,SARS Spike HKU1-N2
1008,803,000,D064370,Q14EB0.1,20200505,SARS Spike HKU1-N2
1009,804,000,D064370,Q14EB0.1,20200505,SARS Spike HKU1-N2
1010,805,000,D064370,Q14EB0.1,20200505,SARS Spike HKU1-N2
1011,806,000,D064370,Q14EB0.1,20200505,SARS Spike HKU1-N2
1012,807,000,D064370,Q14EB0.1,20200505,SARS Spike HKU1-N2
1013,808,000,D064370,Q14EB0.1,20200505,SARS Spike HKU1-N2
1014,809,000,D064370,Q14EB0.1,20200505,SARS Spike HKU1-N2
1015,810,000,D064370,Q14EB0.1,20200505,SARS Spike HKU1-N2
1016,811,000,D064370,Q14EB0.1,20200505,SARS Spike HKU1-N2
1017,812,000,D064370,Q14EB0.1,20200505,SARS Spike HKU1-N2
1018,813,000,D064370,Q14EB0.1,20200505,SARS Spike HKU1-N2
1019,814,000,D064370,Q14EB0.1,20200505,SARS Spike HKU1-N2
1020,815,000,D064370,Q14EB0.1,20200505,SARS Spike HKU1-N2
1021,816,000,D064370,Q14EB0.1,20200505,SARS Spike HKU1-N2
1022,817,000,D064370,Q14EB0.1,20200505,SARS Spike HKU1-N2
1023,818,000,D064370,Q14EB0.1,20200505,SARS Spike HKU1-N2
1024,819,000,D064370,Q14EB0.1,20200505,SARS Spike HKU1-N2
1025,820,000,D064370,Q14EB0.1,20200505,SARS Spike HKU1-N2
1026,821,000,D064370,Q14EB0.1,20200505,SARS Spike HKU1-N2
1027,822,000,D064370,Q14EB0.1,20200505,SARS Spike HKU1-N2
1028,823,000,D064370,Q14EB0.1,20200505,SARS Spike HKU1-N2
1029,824,000,D064370,Q14EB0.1,20200505,SARS Spike HKU1-N2
1030,825,000,D064370,Q14EB0.1,20200505,SARS Spike HKU1-N2
1031,826,000,D064370,Q14EB0.1,20200505,SARS Spike HKU1-N2
1032,827,000,D064370,Q14EB0.1,20200505,SARS Spike HKU1-N2
1033,828,000,D064370,Q14EB0.1,20200505,SARS Spike HKU1-N2
1034,829,000,D064370,Q14EB0.1,20200505,SARS Spike HKU1-N2
1035,830,000,D064370,Q14EB0.1,20200505,SARS Spike HKU1-N2
1036,831,000,D064370,Q14EB0.1,20200505,SARS Spike HKU1-N2
1037,832,000,D064370,Q14EB0.1,20200505,SARS Spike HKU1-N2
1038,833,000,D064370,Q14EB0.1,20200505,SARS Spike HKU1-N2
1039,834,000,D064370,Q14EB0.1,20200505,SARS Spike HKU1-N2
1040,835,000,D064370,Q14EB0.1,20200505,SARS Spike HKU1-N2
1041,836,000,D064370,Q14EB0.1,20200505,SARS Spike HKU1-N2
1042,837,000,D064370,Q14EB0.1,20200505,SARS Spike HKU1-N2
1043,838,000,D064370,Q14EB0.1,20200505,SARS Spike HKU1-N2
1044,839,000,D064370,Q14EB0.1,20200505,SARS Spike HKU1-N2
1045,840,000,D064370,Q14EB0.1,20200505,SARS Spike HKU1-N2
1046,841,000,D064370,Q14EB0.1,20200505,SARS Spike HKU1-N2
1047,842,000,D064370,Q14EB0.1,20200505,SARS Spike HKU1-N2
1048,843,000,D064370,Q14EB0.1,20200505,SARS Spike HKU1-N2
1049,844,000,D064370,Q14EB0.1,20200505,SARS Spike HKU1-N2
1050,845,000,D064370,Q14EB0.1,20200505,SARS Spike HKU1-N2
1051,846,000,D064370,Q14EB0.1,20200505,SARS Spike HKU1-N2
1052,847,000,D064370,Q14EB0.1,20200505,SARS Spike HKU1-N2
1053,848,000,D064370,Q14EB0.1,20200505,SARS Spike HKU1-N2
1054,849,000,D064370,Q14EB0.1,20200505,SARS Spike HKU1-N2
1055,850,000,D064370,Q14EB0.1,20200505,SARS Spike HKU1-N2
1056,851,000,D064370,Q14EB0.1,20200505,SARS Spike HKU1-N2
1057,852,000,D064370,Q14EB0.1,20200505,SARS Spike HKU1-N2
1058,853,000,D064370,Q14EB0.1,20200505,SARS Spike HKU1-N2
1059,854,000,D064370,Q14EB0.1,20200505,SARS Spike HKU1-N2
1060,855,000,D064370,Q14EB0.1,20200505,SARS Spike HKU1-N2
1061,856,000,D064370,Q14EB0.1,20200505,SARS Spike HKU1-N2
1062,857,000,D064370,Q14EB0.1,20200505,SARS Spike HKU1-N2
1063,858,000,D064370,Q14EB0.1,20200505,SARS Spike HKU1-N2
1064,859,000,D064370,Q14EB0.1,20200505,SARS Spike HKU1-N2
1065,860,000,D064370,Q14EB0.1,20200505,SARS Spike HKU1-N2
1066,861,000,D064370,Q14EB0.1,20200505,SARS Spike HKU1-N2
1067,862,000,D064370,Q14EB0.1,20200505,SARS Spike HKU1-N2
1068,863,000,D064370,Q14EB0.1,20200505,SARS Spike HKU1-N2
1069,864,000,D064370,Q14EB0.1,20200505,SARS Spike HKU1-N2
1070,865,000,D064370,Q14EB0.1,20200505,SARS Spike HKU1-N2
1071,866,000,D064370,Q14EB0.1,20200505,SARS Spike HKU1-N2
1072,867,000,D064370,Q14EB0.1,20200505,SARS Spike HKU1-N2
1073,868,000,D064370,Q14EB0.1,20200505,SARS Spike HKU1-N2
1074,869,000,D064370,Q14EB0.1,20200505,SARS Spike HKU1-N2
1075,870,000,D064370,Q14EB0.1,20200505,SARS Spike HKU1-N2
1076,871,000,D064370,Q14EB0.1,20200505,SARS Spike HKU1-N2
1077,872,000,D064370,Q14EB0.1,20200505,SARS Spike HKU1-N2
1078,873,000,D064370,Q14EB0.1,20200505,SARS Spike HKU1-N2
1079,874,000,D064370,Q14EB0.1,20200505,SARS Spike HKU1-N2
1080,875,000,D064370,Q14EB0.1,20200505,SARS Spike HKU1-N2
1081,876,000,D064370,Q14EB0.1,20200505,SARS Spike HKU1-N2
1082,877,000,D064370,Q14EB0.1,20200505,SARS Spike HKU1-N2
1083,878,000,D064370,Q14EB0.1,20200505,SARS Spike HKU1-N2
1084,879,000,D064370,Q14EB0.1,20200505,SARS Spike HKU1-N2
1085,880,000,D064370,Q14EB0.1,20200505,SARS Spike HKU1-N2
1086,881,000,D064370,Q14EB0.1,20200505,SARS Spike HKU1-N2
1087,882,000,D064370,Q14EB0.1,20200505,SARS Spike HKU1-N2
1088,883,000,D064370,Q14EB0.1,20200505,SARS Spike HKU1-N2
1089,884,000,D064370,Q14EB0.1,20200505,SARS Spike HKU1-N2
1090,885,000,D064370,Q14EB0.1,20200505,SARS Spike HKU1-N2
1091,886,000,D064370,Q14EB0.1,20200505,SARS Spike HKU1-N2
1092,887,000,D064370,Q14EB0.1,20200505,SARS Spike HKU1-N2
1093,888,000,D064370,Q14EB0.1,20200505,SARS Spike HKU1-N2
1094,889,000,D064370,Q14EB0.1,20200505,SARS Spike HKU1-N2
1095,890,000,D064370,Q14EB0.1,20200505,SARS Spike HKU1-N2
1096,891,000,D064370,Q14EB0.1,20200505,SARS Spike HKU1-N2
1097,892,000,D064370,Q14EB0.1,20200505,SARS Spike HKU1-N2
1098,893,000,D064370,Q14EB0.1,20200505,SARS Spike HKU1-N2
1099,894,000,D064370,Q14EB0.1,20200505,SARS Spike HKU1-N2
1100,895,000,D064370,Q14EB0.1,20200505,SARS Spike HKU1-N2
1101,896,000,D064370,Q14EB0.1,20200505,SARS Spike HKU1-N2
1102,897,000,D064370,Q14EB0.1,20200505,SARS Spike HKU1-N2
1103,897,001,D064370,Q14EB0.1,20200505,SARS Spike HKU1-N2
1104,897,002,D064370,Q14EB0.1,20200505,SARS Spike HKU1-N2
1105,897,003,D064370,Q14EB0.1,20200505,SARS Spike HKU1-N2
1106,897,004,D064370,Q14EB0.1,20200505,SARS Spike HKU1-N2
1107,897,005,D064370,Q14EB0.1,20200505,SARS Spike HKU1-N2
1108,897,006,D064370,Q14EB0.1,20200505,SARS Spike HKU1-N2
1109,897,007,D064370,Q14EB0.1,20200505,SARS Spike HKU1-N2
1110,897,008,D064370,Q14EB0.1,20200505,SARS Spike HKU1-N2
1111,898,000,D064370,Q14EB0.1,20200505,SARS Spike HKU1-N2
1112,899,000,D064370,Q14EB0.1,20200505,SARS Spike HKU1-N2
1113,900,000,D064370,Q14EB0.1,20200505,SARS Spike HKU1-N2
1114,901,000,D064370,Q14EB0.1,20200505,SARS Spike HKU1-N2
1115,902,000,D064370,Q14EB0.1,20200505,SARS Spike HKU1-N2
1116,903,000,D064370,Q14EB0.1,20200505,SARS Spike HKU1-N2
1117,904,000,D064370,Q14EB0.1,20200505,SARS Spike HKU1-N2
1118,905,000,D064370,Q14EB0.1,20200505,SARS Spike HKU1-N2
1119,906,000,D064370,Q14EB0.1,20200505,SARS Spike HKU1-N2
1120,907,000,D064370,Q14EB0.1,20200505,SARS Spike HKU1-N2
1121,908,000,D064370,Q14EB0.1,20200505,SARS Spike HKU1-N2
1122,909,000,D064370,Q14EB0.1,20200505,SARS Spike HKU1-N2
1123,910,000,D064370,Q14EB0.1,20200505,SARS Spike HKU1-N2
1124,911,000,D064370,Q14EB0.1,20200505,SARS Spike HKU1-N2
1125,912,000,D064370,Q14EB0.1,20200505,SARS Spike HKU1-N2
1126,913,000,D064370,Q14EB0.1,20200505,SARS Spike HKU1-N2
1127,914,000,D064370,Q14EB0.1,20200505,SARS Spike HKU1-N2
1128,915,000,D064370,Q14EB0.1,20200505,SARS Spike HKU1-N2
1129,916,000,D064370,Q14EB0.1,20200505,SARS Spike HKU1-N2
1130,917,000,D064370,Q14EB0.1,20200505,SARS Spike HKU1-N2
1131,918,000,D064370,Q14EB0.1,20200505,SARS Spike HKU1-N2
1132,919,000,D064370,Q14EB0.1,20200505,SARS Spike HKU1-N2
1133,920,000,D064370,Q14EB0.1,20200505,SARS Spike HKU1-N2
1134,921,000,D064370,Q14EB0.1,20200505,SARS Spike HKU1-N2
1135,922,000,D064370,Q14EB0.1,20200505,SARS Spike HKU1-N2
1136,923,000,D064370,Q14EB0.1,20200505,SARS Spike HKU1-N2
1137,924,000,D064370,Q14EB0.1,20200505,SARS Spike HKU1-N2
1138,925,000,D064370,Q14EB0.1,20200505,SARS Spike HKU1-N2
1139,926,000,D064370,Q14EB0.1,20200505,SARS Spike HKU1-N2
1140,927,000,D064370,Q14EB0.1,20200505,SARS Spike HKU1-N2
1141,927,001,D064370,Q14EB0.1,20200505,SARS Spike HKU1-N2
1142,927,002,D064370,Q14EB0.1,20200505,SARS Spike HKU1-N2
1143,927,003,D064370,Q14EB0.1,20200505,SARS Spike HKU1-N2
1144,928,000,D064370,Q14EB0.1,20200505,SARS Spike HKU1-N2
1145,929,000,D064370,Q14EB0.1,20200505,SARS Spike HKU1-N2
1146,930,000,D064370,Q14EB0.1,20200505,SARS Spike HKU1-N2
1147,931,000,D064370,Q14EB0.1,20200505,SARS Spike HKU1-N2
1148,932,000,D064370,Q14EB0.1,20200505,SARS Spike HKU1-N2
1149,933,000,D064370,Q14EB0.1,20200505,SARS Spike HKU1-N2
1150,934,000,D064370,Q14EB0.1,20200505,SARS Spike HKU1-N2
1151,935,000,D064370,Q14EB0.1,20200505,SARS Spike HKU1-N2
1152,936,000,D064370,Q14EB0.1,20200505,SARS Spike HKU1-N2
1153,937,000,D064370,Q14EB0.1,20200505,SARS Spike HKU1-N2
1154,938,000,D064370,Q14EB0.1,20200505,SARS Spike HKU1-N2
1155,939,000,D064370,Q14EB0.1,20200505,SARS Spike HKU1-N2
1156,940,000,D064370,Q14EB0.1,20200505,SARS Spike HKU1-N2
1157,941,000,D064370,Q14EB0.1,20200505,SARS Spike HKU1-N2
1158,942,000,D064370,Q14EB0.1,20200505,SARS Spike HKU1-N2
1159,943,000,D064370,Q14EB0.1,20200505,SARS Spike HKU1-N2
1160,944,000,D064370,Q14EB0.1,20200505,SARS Spike HKU1-N2
1161,945,000,D064370,Q14EB0.1,20200505,SARS Spike HKU1-N2
1162,946,000,D064370,Q14EB0.1,20200505,SARS Spike HKU1-N2
1163,947,000,D064370,Q14EB0.1,20200505,SARS Spike HKU1-N2
1164,948,000,D064370,Q14EB0.1,20200505,SARS Spike HKU1-N2
1165,949,000,D064370,Q14EB0.1,20200505,SARS Spike HKU1-N2
1166,950,000,D064370,Q14EB0.1,20200505,SARS Spike HKU1-N2
1167,951,000,D064370,Q14EB0.1,20200505,SARS Spike HKU1-N2
1168,952,000,D064370,Q14EB0.1,20200505,SARS Spike HKU1-N2
1169,953,000,D064370,Q14EB0.1,20200505,SARS Spike HKU1-N2
1170,954,000,D064370,Q14EB0.1,20200505,SARS Spike HKU1-N2
1171,955,000,D064370,Q14EB0.1,20200505,SARS Spike HKU1-N2
1172,956,000,D064370,Q14EB0.1,20200505,SARS Spike HKU1-N2
1173,957,000,D064370,Q14EB0.1,20200505,SARS Spike HKU1-N2
1174,958,000,D064370,Q14EB0.1,20200505,SARS Spike HKU1-N2
1175,959,000,D064370,Q14EB0.1,20200505,SARS Spike HKU1-N2
1176,960,000,D064370,Q14EB0.1,20200505,SARS Spike HKU1-N2
1177,961,000,D064370,Q14EB0.1,20200505,SARS Spike HKU1-N2
1178,962,000,D064370,Q14EB0.1,20200505,SARS Spike HKU1-N2
1179,963,000,D064370,Q14EB0.1,20200505,SARS Spike HKU1-N2
1180,964,000,D064370,Q14EB0.1,20200505,SARS Spike HKU1-N2
1181,965,000,D064370,Q14EB0.1,20200505,SARS Spike HKU1-N2
1182,966,000,D064370,Q14EB0.1,20200505,SARS Spike HKU1-N2
1183,967,000,D064370,Q14EB0.1,20200505,SARS Spike HKU1-N2
1184,968,000,D064370,Q14EB0.1,20200505,SARS Spike HKU1-N2
1185,969,000,D064370,Q14EB0.1,20200505,SARS Spike HKU1-N2
1186,970,000,D064370,Q14EB0.1,20200505,SARS Spike HKU1-N2
1187,971,000,D064370,Q14EB0.1,20200505,SARS Spike HKU1-N2
1188,972,000,D064370,Q14EB0.1,20200505,SARS Spike HKU1-N2
1189,973,000,D064370,Q14EB0.1,20200505,SARS Spike HKU1-N2
1190,973,001,D064370,Q14EB0.1,20200505,SARS Spike HKU1-N2
1191,973,002,D064370,Q14EB0.1,20200505,SARS Spike HKU1-N2
1192,973,003,D064370,Q14EB0.1,20200505,SARS Spike HKU1-N2
1193,973,004,D064370,Q14EB0.1,20200505,SARS Spike HKU1-N2
1194,974,000,D064370,Q14EB0.1,20200505,SARS Spike HKU1-N2
1195,975,000,D064370,Q14EB0.1,20200505,SARS Spike HKU1-N2
1196,976,000,D064370,Q14EB0.1,20200505,SARS Spike HKU1-N2
1197,977,000,D064370,Q14EB0.1,20200505,SARS Spike HKU1-N2
1198,978,000,D064370,Q14EB0.1,20200505,SARS Spike HKU1-N2
1199,979,000,D064370,Q14EB0.1,20200505,SARS Spike HKU1-N2
1200,980,000,D064370,Q14EB0.1,20200505,SARS Spike HKU1-N2
1201,981,000,D064370,Q14EB0.1,20200505,SARS Spike HKU1-N2
1202,982,000,D064370,Q14EB0.1,20200505,SARS Spike HKU1-N2
1203,983,000,D064370,Q14EB0.1,20200505,SARS Spike HKU1-N2
1204,984,000,D064370,Q14EB0.1,20200505,SARS Spike HKU1-N2
1205,985,000,D064370,Q14EB0.1,20200505,SARS Spike HKU1-N2
1206,986,000,D064370,Q14EB0.1,20200505,SARS Spike HKU1-N2
1207,987,000,D064370,Q14EB0.1,20200505,SARS Spike HKU1-N2
1208,988,000,D064370,Q14EB0.1,20200505,SARS Spike HKU1-N2
1209,989,000,D064370,Q14EB0.1,20200505,SARS Spike HKU1-N2
1210,990,000,D064370,Q14EB0.1,20200505,SARS Spike HKU1-N2
1211,991,000,D064370,Q14EB0.1,20200505,SARS Spike HKU1-N2
1212,992,000,D064370,Q14EB0.1,20200505,SARS Spike HKU1-N2
1213,993,000,D064370,Q14EB0.1,20200505,SARS Spike HKU1-N2
1214,994,000,D064370,Q14EB0.1,20200505,SARS Spike HKU1-N2
1215,995,000,D064370,Q14EB0.1,20200505,SARS Spike HKU1-N2
1216,996,000,D064370,Q14EB0.1,20200505,SARS Spike HKU1-N2
1217,997,000,D064370,Q14EB0.1,20200505,SARS Spike HKU1-N2
1218,998,000,D064370,Q14EB0.1,20200505,SARS Spike HKU1-N2
1219,999,000,D064370,Q14EB0.1,20200505,SARS Spike HKU1-N2
1220,1000,000,D064370,Q14EB0.1,20200505,SARS Spike HKU1-N2
1221,1001,000,D064370,Q14EB0.1,20200505,SARS Spike HKU1-N2
1222,1002,000,D064370,Q14EB0.1,20200505,SARS Spike HKU1-N2
1223,1003,000,D064370,Q14EB0.1,20200505,SARS Spike HKU1-N2
1224,1004,000,D064370,Q14EB0.1,20200505,SARS Spike HKU1-N2
1225,1005,000,D064370,Q14EB0.1,20200505,SARS Spike HKU1-N2
1226,1006,000,D064370,Q14EB0.1,20200505,SARS Spike HKU1-N2
1227,1007,000,D064370,Q14EB0.1,20200505,SARS Spike HKU1-N2
1228,1008,000,D064370,Q14EB0.1,20200505,SARS Spike HKU1-N2
1229,1009,000,D064370,Q14EB0.1,20200505,SARS Spike HKU1-N2
1230,1010,000,D064370,Q14EB0.1,20200505,SARS Spike HKU1-N2
1231,1011,000,D064370,Q14EB0.1,20200505,SARS Spike HKU1-N2
1232,1012,000,D064370,Q14EB0.1,20200505,SARS Spike HKU1-N2
1233,1013,000,D064370,Q14EB0.1,20200505,SARS Spike HKU1-N2
1234,1014,000,D064370,Q14EB0.1,20200505,SARS Spike HKU1-N2
1235,1015,000,D064370,Q14EB0.1,20200505,SARS Spike HKU1-N2
1236,1016,000,D064370,Q14EB0.1,20200505,SARS Spike HKU1-N2
1237,1017,000,D064370,Q14EB0.1,20200505,SARS Spike HKU1-N2
1238,1018,000,D064370,Q14EB0.1,20200505,SARS Spike HKU1-N2
1239,1019,000,D064370,Q14EB0.1,20200505,SARS Spike HKU1-N2
1240,1020,000,D064370,Q14EB0.1,20200505,SARS Spike HKU1-N2
1241,1021,000,D064370,Q14EB0.1,20200505,SARS Spike HKU1-N2
1242,1022,000,D064370,Q14EB0.1,20200505,SARS Spike HKU1-N2
1243,1023,000,D064370,Q14EB0.1,20200505,SARS Spike HKU1-N2
1244,1024,000,D064370,Q14EB0.1,20200505,SARS Spike HKU1-N2
1245,1025,000,D064370,Q14EB0.1,20200505,SARS Spike HKU1-N2
1246,1026,000,D064370,Q14EB0.1,20200505,SARS Spike HKU1-N2
1247,1027,000,D064370,Q14EB0.1,20200505,SARS Spike HKU1-N2
1248,1028,000,D064370,Q14EB0.1,20200505,SARS Spike HKU1-N2
1249,1029,000,D064370,Q14EB0.1,20200505,SARS Spike HKU1-N2
1250,1030,000,D064370,Q14EB0.1,20200505,SARS Spike HKU1-N2
1251,1031,000,D064370,Q14EB0.1,20200505,SARS Spike HKU1-N2
1252,1032,000,D064370,Q14EB0.1,20200505,SARS Spike HKU1-N2
1253,1033,000,D064370,Q14EB0.1,20200505,SARS Spike HKU1-N2
1254,1034,000,D064370,Q14EB0.1,20200505,SARS Spike HKU1-N2
1255,1035,000,D064370,Q14EB0.1,20200505,SARS Spike HKU1-N2
1256,1036,000,D064370,Q14EB0.1,20200505,SARS Spike HKU1-N2
1257,1037,000,D064370,Q14EB0.1,20200505,SARS Spike HKU1-N2
1258,1038,000,D064370,Q14EB0.1,20200505,SARS Spike HKU1-N2
1259,1039,000,D064370,Q14EB0.1,20200505,SARS Spike HKU1-N2
1260,1040,000,D064370,Q14EB0.1,20200505,SARS Spike HKU1-N2
1261,1041,000,D064370,Q14EB0.1,20200505,SARS Spike HKU1-N2
1262,1042,000,D064370,Q14EB0.1,20200505,SARS Spike HKU1-N2
1263,1043,000,D064370,Q14EB0.1,20200505,SARS Spike HKU1-N2
1264,1044,000,D064370,Q14EB0.1,20200505,SARS Spike HKU1-N2
1265,1045,000,D064370,Q14EB0.1,20200505,SARS Spike HKU1-N2
1266,1046,000,D064370,Q14EB0.1,20200505,SARS Spike HKU1-N2
1267,1047,000,D064370,Q14EB0.1,20200505,SARS Spike HKU1-N2
1268,1048,000,D064370,Q14EB0.1,20200505,SARS Spike HKU1-N2
1269,1049,000,D064370,Q14EB0.1,20200505,SARS Spike HKU1-N2
1270,1050,000,D064370,Q14EB0.1,20200505,SARS Spike HKU1-N2
1271,1051,000,D064370,Q14EB0.1,20200505,SARS Spike HKU1-N2
1272,1052,000,D064370,Q14EB0.1,20200505,SARS Spike HKU1-N2
1273,1053,000,D064370,Q14EB0.1,20200505,SARS Spike HKU1-N2
1274,1054,000,D064370,Q14EB0.1,20200505,SARS Spike HKU1-N2
1275,1055,000,D064370,Q14EB0.1,20200505,SARS Spike HKU1-N2
1276,1056,000,D064370,Q14EB0.1,20200505,SARS Spike HKU1-N2
1277,1057,000,D064370,Q14EB0.1,20200505,SARS Spike HKU1-N2
1278,1058,000,D064370,Q14EB0.1,20200505,SARS Spike HKU1-N2
1279,1059,000,D064370,Q14EB0.1,20200505,SARS Spike HKU1-N2
1280,1060,000,D064370,Q14EB0.1,20200505,SARS Spike HKU1-N2
1281,1061,000,D064370,Q14EB0.1,20200505,SARS Spike HKU1-N2
1282,1062,000,D064370,Q14EB0.1,20200505,SARS Spike HKU1-N2
1283,1063,000,D064370,Q14EB0.1,20200505,SARS Spike HKU1-N2
1284,1064,000,D064370,Q14EB0.1,20200505,SARS Spike HKU1-N2
1285,1065,000,D064370,Q14EB0.1,20200505,SARS Spike HKU1-N2
1286,1066,000,D064370,Q14EB0.1,20200505,SARS Spike HKU1-N2
1287,1067,000,D064370,Q14EB0.1,20200505,SARS Spike HKU1-N2
1288,1068,000,D064370,Q14EB0.1,20200505,SARS Spike HKU1-N2
1289,1069,000,D064370,Q14EB0.1,20200505,SARS Spike HKU1-N2
1290,1070,000,D064370,Q14EB0.1,20200505,SARS Spike HKU1-N2
1291,1071,000,D064370,Q14EB0.1,20200505,SARS Spike HKU1-N2
1292,1072,000,D064370,Q14EB0.1,20200505,SARS Spike HKU1-N2
1293,1073,000,D064370,Q14EB0.1,20200505,SARS Spike HKU1-N2
1294,1074,000,D064370,Q14EB0.1,20200505,SARS Spike HKU1-N2
1295,1075,000,D064370,Q14EB0.1,20200505,SARS Spike HKU1-N2
1296,1076,000,D064370,Q14EB0.1,20200505,SARS Spike HKU1-N2
1297,1077,000,D064370,Q14EB0.1,20200505,SARS Spike HKU1-N2
1298,1078,000,D064370,Q14EB0.1,20200505,SARS Spike HKU1-N2
1299,1079,000,D064370,Q14EB0.1,20200505,SARS Spike HKU1-N2
1300,1080,000,D064370,Q14EB0.1,20200505,SARS Spike HKU1-N2
1301,1081,000,D064370,Q14EB0.1,20200505,SARS Spike HKU1-N2
1302,1082,000,D064370,Q14EB0.1,20200505,SARS Spike HKU1-N2
1303,1083,000,D064370,Q14EB0.1,20200505,SARS Spike HKU1-N2
1304,1084,000,D064370,Q14EB0.1,20200505,SARS Spike HKU1-N2
1305,1085,000,D064370,Q14EB0.1,20200505,SARS Spike HKU1-N2
1306,1086,000,D064370,Q14EB0.1,20200505,SARS Spike HKU1-N2
1307,1087,000,D064370,Q14EB0.1,20200505,SARS Spike HKU1-N2
1308,1088,000,D064370,Q14EB0.1,20200505,SARS Spike HKU1-N2
1309,1089,000,D064370,Q14EB0.1,20200505,SARS Spike HKU1-N2
1310,1090,000,D064370,Q14EB0.1,20200505,SARS Spike HKU1-N2
1311,1091,000,D064370,Q14EB0.1,20200505,SARS Spike HKU1-N2
1312,1092,000,D064370,Q14EB0.1,20200505,SARS Spike HKU1-N2
1313,1093,000,D064370,Q14EB0.1,20200505,SARS Spike HKU1-N2
1314,1094,000,D064370,Q14EB0.1,20200505,SARS Spike HKU1-N2
1315,1095,000,D064370,Q14EB0.1,20200505,SARS Spike HKU1-N2
1316,1096,000,D064370,Q14EB0.1,20200505,SARS Spike HKU1-N2
1317,1097,000,D064370,Q14EB0.1,20200505,SARS Spike HKU1-N2
1318,1098,000,D064370,Q14EB0.1,20200505,SARS Spike HKU1-N2
1319,1099,000,D064370,Q14EB0.1,20200505,SARS Spike HKU1-N2
1320,1100,000,D064370,Q14EB0.1,20200505,SARS Spike HKU1-N2
1321,1101,000,D064370,Q14EB0.1,20200505,SARS Spike HKU1-N2
1322,1102,000,D064370,Q14EB0.1,20200505,SARS Spike HKU1-N2
1323,1103,000,D064370,Q14EB0.1,20200505,SARS Spike HKU1-N2
1324,1104,000,D064370,Q14EB0.1,20200505,SARS Spike HKU1-N2
1325,1105,000,D064370,Q14EB0.1,20200505,SARS Spike HKU1-N2
1326,1106,000,D064370,Q14EB0.1,20200505,SARS Spike HKU1-N2
1327,1107,000,D064370,Q14EB0.1,20200505,SARS Spike HKU1-N2
1328,1108,000,D064370,Q14EB0.1,20200505,SARS Spike HKU1-N2
1329,1109,000,D064370,Q14EB0.1,20200505,SARS Spike HKU1-N2
1330,1110,000,D064370,Q14EB0.1,20200505,SARS Spike HKU1-N2
1331,1111,000,D064370,Q14EB0.1,20200505,SARS Spike HKU1-N2
1332,1112,000,D064370,Q14EB0.1,20200505,SARS Spike HKU1-N2
1333,1113,000,D064370,Q14EB0.1,20200505,SARS Spike HKU1-N2
1334,1114,000,D064370,Q14EB0.1,20200505,SARS Spike HKU1-N2
1335,1115,000,D064370,Q14EB0.1,20200505,SARS Spike HKU1-N2
1336,1116,000,D064370,Q14EB0.1,20200505,SARS Spike HKU1-N2
1337,1117,000,D064370,Q14EB0.1,20200505,SARS Spike HKU1-N2
1338,1118,000,D064370,Q14EB0.1,20200505,SARS Spike HKU1-N2
1339,1119,000,D064370,Q14EB0.1,20200505,SARS Spike HKU1-N2
1340,1120,000,D064370,Q14EB0.1,20200505,SARS Spike HKU1-N2
1341,1121,000,D064370,Q14EB0.1,20200505,SARS Spike HKU1-N2
1342,1122,000,D064370,Q14EB0.1,20200505,SARS Spike HKU1-N2
1343,1123,000,D064370,Q14EB0.1,20200505,SARS Spike HKU1-N2
1344,1124,000,D064370,Q14EB0.1,20200505,SARS Spike HKU1-N2
1345,1125,000,D064370,Q14EB0.1,20200505,SARS Spike HKU1-N2
1346,1126,000,D064370,Q14EB0.1,20200505,SARS Spike HKU1-N2
1347,1127,000,D064370,Q14EB0.1,20200505,SARS Spike HKU1-N2
1348,1128,000,D064370,Q14EB0.1,20200505,SARS Spike HKU1-N2
1349,1129,000,D064370,Q14EB0.1,20200505,SARS Spike HKU1-N2
1350,1130,000,D064370,Q14EB0.1,20200505,SARS Spike HKU1-N2
1351,1131,000,D064370,Q14EB0.1,20200505,SARS Spike HKU1-N2
1352,1132,000,D064370,Q14EB0.1,20200505,SARS Spike HKU1-N2
1353,1133,000,D064370,Q14EB0.1,20200505,SARS Spike HKU1-N2
1354,1134,000,D064370,Q14EB0.1,20200505,SARS Spike HKU1-N2
1355,1135,000,D064370,Q14EB0.1,20200505,SARS Spike HKU1-N2
1356,1136,000,D064370,Q14EB0.1,20200505,SARS Spike HKU1-N2
1357,1137,000,D064370,Q14EB0.1,20200505,SARS Spike HKU1-N2
1358,1138,000,D064370,Q14EB0.1,20200505,SARS Spike HKU1-N2
1359,1139,000,D064370,Q14EB0.1,20200505,SARS Spike HKU1-N2
1360,1140,000,D064370,Q14EB0.1,20200505,SARS Spike HKU1-N2
1361,1141,000,D064370,Q14EB0.1,20200505,SARS Spike HKU1-N2
1362,1142,000,D064370,Q14EB0.1,20200505,SARS Spike HKU1-N2
1363,1143,000,D064370,Q14EB0.1,20200505,SARS Spike HKU1-N2
1364,1144,000,D064370,Q14EB0.1,20200505,SARS Spike HKU1-N2
1365,1145,000,D064370,Q14EB0.1,20200505,SARS Spike HKU1-N2
1366,1146,000,D064370,Q14EB0.1,20200505,SARS Spike HKU1-N2
1367,1147,000,D064370,Q14EB0.1,20200505,SARS Spike HKU1-N2
1368,1148,000,D064370,Q14EB0.1,20200505,SARS Spike HKU1-N2
1369,1149,000,D064370,Q14EB0.1,20200505,SARS Spike HKU1-N2
1370,1150,000,D064370,Q14EB0.1,20200505,SARS Spike HKU1-N2
1371,1151,000,D064370,Q14EB0.1,20200505,SARS Spike HKU1-N2
1372,1152,000,D064370,Q14EB0.1,20200505,SARS Spike HKU1-N2
1373,1153,000,D064370,Q14EB0.1,20200505,SARS Spike HKU1-N2
1374,1154,000,D064370,Q14EB0.1,20200505,SARS Spike HKU1-N2
1375,1155,000,D064370,Q14EB0.1,20200505,SARS Spike HKU1-N2
1376,1156,000,D064370,Q14EB0.1,20200505,SARS Spike HKU1-N2
1377,1157,000,D064370,Q14EB0.1,20200505,SARS Spike HKU1-N2
1378,1158,000,D064370,Q14EB0.1,20200505,SARS Spike HKU1-N2
1379,1159,000,D064370,Q14EB0.1,20200505,SARS Spike HKU1-N2
1380,1160,000,D064370,Q14EB0.1,20200505,SARS Spike HKU1-N2
1381,1161,000,D064370,Q14EB0.1,20200505,SARS Spike HKU1-N2
1382,1162,000,D064370,Q14EB0.1,20200505,SARS Spike HKU1-N2
1383,1163,000,D064370,Q14EB0.1,20200505,SARS Spike HKU1-N2
1384,1164,000,D064370,Q14EB0.1,20200505,SARS Spike HKU1-N2
1385,1165,000,D064370,Q14EB0.1,20200505,SARS Spike HKU1-N2
1386,1166,000,D064370,Q14EB0.1,20200505,SARS Spike HKU1-N2
1387,1166,001,D064370,Q14EB0.1,20200505,SARS Spike HKU1-N2
1388,1166,002,D064370,Q14EB0.1,20200505,SARS Spike HKU1-N2
1389,1167,000,D064370,Q14EB0.1,20200505,SARS Spike HKU1-N2
1390,1168,000,D064370,Q14EB0.1,20200505,SARS Spike HKU1-N2
1391,1169,000,D064370,Q14EB0.1,20200505,SARS Spike HKU1-N2
1392,1170,000,D064370,Q14EB0.1,20200505,SARS Spike HKU1-N2
1393,1171,000,D064370,Q14EB0.1,20200505,SARS Spike HKU1-N2
1394,1172,000,D064370,Q14EB0.1,20200505,SARS Spike HKU1-N2
1395,1173,000,D064370,Q14EB0.1,20200505,SARS Spike HKU1-N2
1396,1174,000,D064370,Q14EB0.1,20200505,SARS Spike HKU1-N2
1397,1175,000,D064370,Q14EB0.1,20200505,SARS Spike HKU1-N2
1398,1176,000,D064370,Q14EB0.1,20200505,SARS Spike HKU1-N2
1399,1177,000,D064370,Q14EB0.1,20200505,SARS Spike HKU1-N2
1400,1178,000,D064370,Q14EB0.1,20200505,SARS Spike HKU1-N2
1401,1179,000,D064370,Q14EB0.1,20200505,SARS Spike HKU1-N2
1402,1180,000,D064370,Q14EB0.1,20200505,SARS Spike HKU1-N2
1403,1181,000,D064370,Q14EB0.1,20200505,SARS Spike HKU1-N2
1404,1182,000,D064370,Q14EB0.1,20200505,SARS Spike HKU1-N2
1405,1182,001,D064370,Q14EB0.1,20200505,SARS Spike HKU1-N2
1406,1182,002,D064370,Q14EB0.1,20200505,SARS Spike HKU1-N2
1407,1182,003,D064370,Q14EB0.1,20200505,SARS Spike HKU1-N2
1408,1182,004,D064370,Q14EB0.1,20200505,SARS Spike HKU1-N2
1409,1182,005,D064370,Q14EB0.1,20200505,SARS Spike HKU1-N2
1410,1182,006,D064370,Q14EB0.1,20200505,SARS Spike HKU1-N2
1411,1182,007,D064370,Q14EB0.1,20200505,SARS Spike HKU1-N2
1412,1182,008,D064370,Q14EB0.1,20200505,SARS Spike HKU1-N2
1413,1182,009,D064370,Q14EB0.1,20200505,SARS Spike HKU1-N2
1414,1182,010,D064370,Q14EB0.1,20200505,SARS Spike HKU1-N2
1415,1183,000,D064370,Q14EB0.1,20200505,SARS Spike HKU1-N2
1416,1184,000,D064370,Q14EB0.1,20200505,SARS Spike HKU1-N2
1417,1185,000,D064370,Q14EB0.1,20200505,SARS Spike HKU1-N2
1418,1186,000,D064370,Q14EB0.1,20200505,SARS Spike HKU1-N2
1419,1187,000,D064370,Q14EB0.1,20200505,SARS Spike HKU1-N2
1420,1188,000,D064370,Q14EB0.1,20200505,SARS Spike HKU1-N2
1421,1189,000,D064370,Q14EB0.1,20200505,SARS Spike HKU1-N2
1422,1190,000,D064370,Q14EB0.1,20200505,SARS Spike HKU1-N2
1423,1191,000,D064370,Q14EB0.1,20200505,SARS Spike HKU1-N2
1424,1192,000,D064370,Q14EB0.1,20200505,SARS Spike HKU1-N2
1425,1193,000,D064370,Q14EB0.1,20200505,SARS Spike HKU1-N2
1426,1194,000,D064370,Q14EB0.1,20200505,SARS Spike HKU1-N2
1427,1195,000,D064370,Q14EB0.1,20200505,SARS Spike HKU1-N2
1428,1196,000,D064370,Q14EB0.1,20200505,SARS Spike HKU1-N2
1429,1197,000,D064370,Q14EB0.1,20200505,SARS Spike HKU1-N2
1430,1198,000,D064370,Q14EB0.1,20200505,SARS Spike HKU1-N2
1431,1198,001,D064370,Q14EB0.1,20200505,SARS Spike HKU1-N2
1432,1199,000,D064370,Q14EB0.1,20200505,SARS Spike HKU1-N2
1433,1200,000,D064370,Q14EB0.1,20200505,SARS Spike HKU1-N2
1434,1201,000,D064370,Q14EB0.1,20200505,SARS Spike HKU1-N2
1435,1202,000,D064370,Q14EB0.1,20200505,SARS Spike HKU1-N2
1436,1203,000,D064370,Q14EB0.1,20200505,SARS Spike HKU1-N2
1437,1204,000,D064370,Q14EB0.1,20200505,SARS Spike HKU1-N2
1438,1205,000,D064370,Q14EB0.1,20200505,SARS Spike HKU1-N2
1439,1206,000,D064370,Q14EB0.1,20200505,SARS Spike HKU1-N2
1440,1207,000,D064370,Q14EB0.1,20200505,SARS Spike HKU1-N2
1441,1208,000,D064370,Q14EB0.1,20200505,SARS Spike HKU1-N2
1442,1209,000,D064370,Q14EB0.1,20200505,SARS Spike HKU1-N2
1443,1210,000,D064370,Q14EB0.1,20200505,SARS Spike HKU1-N2
1444,1211,000,D064370,Q14EB0.1,20200505,SARS Spike HKU1-N2
1445,1212,000,D064370,Q14EB0.1,20200505,SARS Spike HKU1-N2
1446,1213,000,D064370,Q14EB0.1,20200505,SARS Spike HKU1-N2
1447,1214,000,D064370,Q14EB0.1,20200505,SARS Spike HKU1-N2
1448,1215,000,D064370,Q14EB0.1,20200505,SARS Spike HKU1-N2
1449,1216,000,D064370,Q14EB0.1,20200505,SARS Spike HKU1-N2
1450,1217,000,D064370,Q14EB0.1,20200505,SARS Spike HKU1-N2
1451,1218,000,D064370,Q14EB0.1,20200505,SARS Spike HKU1-N2
1452,1219,000,D064370,Q14EB0.1,20200505,SARS Spike HKU1-N2
1453,1220,000,D064370,Q14EB0.1,20200505,SARS Spike HKU1-N2
1454,1221,000,D064370,Q14EB0.1,20200505,SARS Spike HKU1-N2
1455,1222,000,D064370,Q14EB0.1,20200505,SARS Spike HKU1-N2
1456,1223,000,D064370,Q14EB0.1,20200505,SARS Spike HKU1-N2
1457,1224,000,D064370,Q14EB0.1,20200505,SARS Spike HKU1-N2
1458,1224,001,D064370,Q14EB0.1,20200505,SARS Spike HKU1-N2
1459,1224,002,D064370,Q14EB0.1,20200505,SARS Spike HKU1-N2
1460,1225,000,D064370,Q14EB0.1,20200505,SARS Spike HKU1-N2
1461,1226,000,D064370,Q14EB0.1,20200505,SARS Spike HKU1-N2
1462,1227,000,D064370,Q14EB0.1,20200505,SARS Spike HKU1-N2
1463,1228,000,D064370,Q14EB0.1,20200505,SARS Spike HKU1-N2
1464,1229,000,D064370,Q14EB0.1,20200505,SARS Spike HKU1-N2
1465,1230,000,D064370,Q14EB0.1,20200505,SARS Spike HKU1-N2
1466,1231,000,D064370,Q14EB0.1,20200505,SARS Spike HKU1-N2
1467,1232,000,D064370,Q14EB0.1,20200505,SARS Spike HKU1-N2
1468,1233,000,D064370,Q14EB0.1,20200505,SARS Spike HKU1-N2
1469,1234,000,D064370,Q14EB0.1,20200505,SARS Spike HKU1-N2
1470,1235,000,D064370,Q14EB0.1,20200505,SARS Spike HKU1-N2
1471,1236,000,D064370,Q14EB0.1,20200505,SARS Spike HKU1-N2
1472,1237,000,D064370,Q14EB0.1,20200505,SARS Spike HKU1-N2
1473,1238,000,D064370,Q14EB0.1,20200505,SARS Spike HKU1-N2
1474,1239,000,D064370,Q14EB0.1,20200505,SARS Spike HKU1-N2
1475,1240,000,D064370,Q14EB0.1,20200505,SARS Spike HKU1-N2
1476,1241,000,D064370,Q14EB0.1,20200505,SARS Spike HKU1-N2
1477,1242,000,D064370,Q14EB0.1,20200505,SARS Spike HKU1-N2
1478,1243,000,D064370,Q14EB0.1,20200505,SARS Spike HKU1-N2
1479,1244,000,D064370,Q14EB0.1,20200505,SARS Spike HKU1-N2
1480,1245,000,D064370,Q14EB0.1,20200505,SARS Spike HKU1-N2
1481,1246,000,D064370,Q14EB0.1,20200505,SARS Spike HKU1-N2
1482,1247,000,D064370,Q14EB0.1,20200505,SARS Spike HKU1-N2
1483,1248,000,D064370,Q14EB0.1,20200505,SARS Spike HKU1-N2
1484,1249,000,D064370,Q14EB0.1,20200505,SARS Spike HKU1-N2
1485,1250,000,D064370,Q14EB0.1,20200505,SARS Spike HKU1-N2
1486,1250,001,D064370,Q14EB0.1,20200505,SARS Spike HKU1-N2
1487,1250,002,D064370,Q14EB0.1,20200505,SARS Spike HKU1-N2
1488,1250,003,D064370,Q14EB0.1,20200505,SARS Spike HKU1-N2
1489,1250,004,D064370,Q14EB0.1,20200505,SARS Spike HKU1-N2
1490,1251,000,D064370,Q14EB0.1,20200505,SARS Spike HKU1-N2
1491,1252,000,D064370,Q14EB0.1,20200505,SARS Spike HKU1-N2
1492,1253,000,D064370,Q14EB0.1,20200505,SARS Spike HKU1-N2
1493,1253,001,D064370,Q14EB0.1,20200505,SARS Spike HKU1-N2
1494,1254,000,D064370,Q14EB0.1,20200505,SARS Spike HKU1-N2
1495,1255,000,D064370,Q14EB0.1,20200505,SARS Spike HKU1-N2
1496,1256,000,D064370,Q14EB0.1,20200505,SARS Spike HKU1-N2
1497,1257,000,D064370,Q14EB0.1,20200505,SARS Spike HKU1-N2
1498,1258,000,D064370,Q14EB0.1,20200505,SARS Spike HKU1-N2
1499,1259,000,D064370,Q14EB0.1,20200505,SARS Spike HKU1-N2
1500,1260,000,D064370,Q14EB0.1,20200505,SARS Spike HKU1-N2
1501,1261,000,D064370,Q14EB0.1,20200505,SARS Spike HKU1-N2
1502,1262,000,D064370,Q14EB0.1,20200505,SARS Spike HKU1-N2
1503,1263,000,D064370,Q14EB0.1,20200505,SARS Spike HKU1-N2
1504,1264,000,D064370,Q14EB0.1,20200505,SARS Spike HKU1-N2
1505,1265,000,D064370,Q14EB0.1,20200505,SARS Spike HKU1-N2
1506,1266,000,D064370,Q14EB0.1,20200505,SARS Spike HKU1-N2
1507,1267,000,D064370,Q14EB0.1,20200505,SARS Spike HKU1-N2
1508,1268,000,D064370,Q14EB0.1,20200505,SARS Spike HKU1-N2
1509,1269,000,D064370,Q14EB0.1,20200505,SARS Spike HKU1-N2
1510,1270,000,D064370,Q14EB0.1,20200505,SARS Spike HKU1-N2
1511,1271,000,D064370,Q14EB0.1,20200505,SARS Spike HKU1-N2
1512,1272,000,D064370,Q14EB0.1,20200505,SARS Spike HKU1-N2
1513,1273,000,D064370,Q14EB0.1,20200505,SARS Spike HKU1-N2
1514,1274,000,D064370,Q14EB0.1,20200505,SARS Spike HKU1-N2
1515,1275,000,D064370,Q14EB0.1,20200505,SARS Spike HKU1-N2
1516,1276,000,D064370,Q14EB0.1,20200505,SARS Spike HKU1-N2
1517,1277,000,D064370,Q14EB0.1,20200505,SARS Spike HKU1-N2
1518,1278,000,D064370,Q14EB0.1,20200505,SARS Spike HKU1-N2
1519,1279,000,D064370,Q14EB0.1,20200505,SARS Spike HKU1-N2
1520,1280,000,D064370,Q14EB0.1,20200505,SARS Spike HKU1-N2
1521,1281,000,D064370,Q14EB0.1,20200505,SARS Spike HKU1-N2
1522,1282,000,D064370,Q14EB0.1,20200505,SARS Spike HKU1-N2
1523,1283,000,D064370,Q14EB0.1,20200505,SARS Spike HKU1-N2
1524,1284,000,D064370,Q14EB0.1,20200505,SARS Spike HKU1-N2
1525,1285,000,D064370,Q14EB0.1,20200505,SARS Spike HKU1-N2
1526,1286,000,D064370,Q14EB0.1,20200505,SARS Spike HKU1-N2
1527,1287,000,D064370,Q14EB0.1,20200505,SARS Spike HKU1-N2
1528,1288,000,D064370,Q14EB0.1,20200505,SARS Spike HKU1-N2
1529,1289,000,D064370,Q14EB0.1,20200505,SARS Spike HKU1-N2
1530,1290,000,D064370,Q14EB0.1,20200505,SARS Spike HKU1-N2
1531,1291,000,D064370,Q14EB0.1,20200505,SARS Spike HKU1-N2
1532,1292,000,D064370,Q14EB0.1,20200505,SARS Spike HKU1-N2
1533,1293,000,D064370,Q14EB0.1,20200505,SARS Spike HKU1-N2
1534,1294,000,D064370,Q14EB0.1,20200505,SARS Spike HKU1-N2
1535,1295,000,D064370,Q14EB0.1,20200505,SARS Spike HKU1-N2
1536,1296,000,D064370,Q14EB0.1,20200505,SARS Spike HKU1-N2
1537,1297,000,D064370,Q14EB0.1,20200505,SARS Spike HKU1-N2
1538,1298,000,D064370,Q14EB0.1,20200505,SARS Spike HKU1-N2
1539,1299,000,D064370,Q14EB0.1,20200505,SARS Spike HKU1-N2
1540,1300,000,D064370,Q14EB0.1,20200505,SARS Spike HKU1-N2
1541,1301,000,D064370,Q14EB0.1,20200505,SARS Spike HKU1-N2
1542,1302,000,D064370,Q14EB0.1,20200505,SARS Spike HKU1-N2
1543,1303,000,D064370,Q14EB0.1,20200505,SARS Spike HKU1-N2
1544,1304,000,D064370,Q14EB0.1,20200505,SARS Spike HKU1-N2
1545,1305,000,D064370,Q14EB0.1,20200505,SARS Spike HKU1-N2
1546,1306,000,D064370,Q14EB0.1,20200505,SARS Spike HKU1-N2
1547,1307,000,D064370,Q14EB0.1,20200505,SARS Spike HKU1-N2
1548,1308,000,D064370,Q14EB0.1,20200505,SARS Spike HKU1-N2
1549,1309,000,D064370,Q14EB0.1,20200505,SARS Spike HKU1-N2
1550,1310,000,D064370,Q14EB0.1,20200505,SARS Spike HKU1-N2
1551,1311,000,D064370,Q14EB0.1,20200505,SARS Spike HKU1-N2
1552,1312,000,D064370,Q14EB0.1,20200505,SARS Spike HKU1-N2
1553,1313,000,D064370,Q14EB0.1,20200505,SARS Spike HKU1-N2
1554,1314,000,D064370,Q14EB0.1,20200505,SARS Spike HKU1-N2
1555,1315,000,D064370,Q14EB0.1,20200505,SARS Spike HKU1-N2
1556,1316,000,D064370,Q14EB0.1,20200505,SARS Spike HKU1-N2
1557,1317,000,D064370,Q14EB0.1,20200505,SARS Spike HKU1-N2
1558,1318,000,D064370,Q14EB0.1,20200505,SARS Spike HKU1-N2
1559,1319,000,D064370,Q14EB0.1,20200505,SARS Spike HKU1-N2
1560,1320,000,D064370,Q14EB0.1,20200505,SARS Spike HKU1-N2
1561,1321,000,D064370,Q14EB0.1,20200505,SARS Spike HKU1-N2
1562,1322,000,D064370,Q14EB0.1,20200505,SARS Spike HKU1-N2
1563,1323,000,D064370,Q14EB0.1,20200505,SARS Spike HKU1-N2
1564,1324,000,D064370,Q14EB0.1,20200505,SARS Spike HKU1-N2
1565,1325,000,D064370,Q14EB0.1,20200505,SARS Spike HKU1-N2
1566,1326,000,D064370,Q14EB0.1,20200505,SARS Spike HKU1-N2
1567,1327,000,D064370,Q14EB0.1,20200505,SARS Spike HKU1-N2
1568,1328,000,D064370,Q14EB0.1,20200505,SARS Spike HKU1-N2
1569,1329,000,D064370,Q14EB0.1,20200505,SARS Spike HKU1-N2
1570,1329,001,D064370,Q14EB0.1,20200505,SARS Spike HKU1-N2
1571,1329,002,D064370,Q14EB0.1,20200505,SARS Spike HKU1-N2
1572,1330,000,D064370,Q14EB0.1,20200505,SARS Spike HKU1-N2
1573,1331,000,D064370,Q14EB0.1,20200505,SARS Spike HKU1-N2
1574,1332,000,D064370,Q14EB0.1,20200505,SARS Spike HKU1-N2
1575,1333,000,D064370,Q14EB0.1,20200505,SARS Spike HKU1-N2
1576,1334,000,D064370,Q14EB0.1,20200505,SARS Spike HKU1-N2
1577,1335,000,D064370,Q14EB0.1,20200505,SARS Spike HKU1-N2
1578,1336,000,D064370,Q14EB0.1,20200505,SARS Spike HKU1-N2
1579,1337,000,D064370,Q14EB0.1,20200505,SARS Spike HKU1-N2
1580,1338,000,D064370,Q14EB0.1,20200505,SARS Spike HKU1-N2
1581,1339,000,D064370,Q14EB0.1,20200505,SARS Spike HKU1-N2
1582,1340,000,D064370,Q14EB0.1,20200505,SARS Spike HKU1-N2
1583,1341,000,D064370,Q14EB0.1,20200505,SARS Spike HKU1-N2
1584,1342,000,D064370,Q14EB0.1,20200505,SARS Spike HKU1-N2
1585,1343,000,D064370,Q14EB0.1,20200505,SARS Spike HKU1-N2
1586,1344,000,D064370,Q14EB0.1,20200505,SARS Spike HKU1-N2
1587,1345,000,D064370,Q14EB0.1,20200505,SARS Spike HKU1-N2
1588,1346,000,D064370,Q14EB0.1,20200505,SARS Spike HKU1-N2
1589,1346,001,D064370,Q14EB0.1,20200505,SARS Spike HKU1-N2
1590,1346,002,D064370,Q14EB0.1,20200505,SARS Spike HKU1-N2
1591,1346,003,D064370,Q14EB0.1,20200505,SARS Spike HKU1-N2
1592,1347,000,D064370,Q14EB0.1,20200505,SARS Spike HKU1-N2
1593,1348,000,D064370,Q14EB0.1,20200505,SARS Spike HKU1-N2
1594,1349,000,D064370,Q14EB0.1,20200505,SARS Spike HKU1-N2
1595,1350,000,D064370,Q14EB0.1,20200505,SARS Spike HKU1-N2
1596,1351,000,D064370,Q14EB0.1,20200505,SARS Spike HKU1-N2
1597,1351,001,D064370,Q14EB0.1,20200505,SARS Spike HKU1-N2
