,nomenclature
0,0.001
1,0.002
2,0.003
3,0.004
4,0.005
5,0.006
6,0.007
7,0.008
8,1.000
9,2.000
10,3.000
11,4.000
12,5.000
13,6.000
14,7.000
15,8.000
16,9.000
17,9.001
18,9.002
19,9.003
20,9.004
21,9.005
22,9.006
23,9.007
24,9.008
25,9.009
26,9.010
27,9.011
28,9.012
29,9.013
30,9.014
31,10.000
32,11.000
33,12.000
34,13.000
35,14.000
36,15.000
37,16.000
38,17.000
39,18.000
40,19.000
41,19.001
42,19.002
43,19.003
44,19.004
45,19.005
46,19.006
47,19.007
48,19.008
49,19.009
50,20.000
51,21.000
52,22.000
53,23.000
54,23.001
55,23.002
56,23.003
57,23.004
58,23.005
59,23.006
60,23.007
61,24.000
62,25.000
63,26.000
64,27.000
65,28.000
66,29.000
67,30.000
68,31.000
69,32.000
70,33.000
71,34.000
72,35.000
73,36.000
74,37.000
75,38.000
76,39.000
77,40.000
78,41.000
79,42.000
80,43.000
81,44.000
82,45.000
83,46.000
84,47.000
85,48.000
86,49.000
87,50.000
88,51.000
89,52.000
90,53.000
91,54.000
92,55.000
93,56.000
94,57.000
95,58.000
96,59.000
97,60.000
98,61.000
99,62.000
100,63.000
101,64.000
102,65.000
103,66.000
104,66.001
105,66.002
106,67.000
107,68.000
108,69.000
109,70.000
110,71.000
111,72.000
112,73.000
113,74.000
114,75.000
115,75.001
116,75.002
117,75.003
118,75.004
119,75.005
120,75.006
121,75.007
122,75.008
123,75.009
124,75.010
125,75.011
126,75.012
127,75.013
128,76.000
129,77.000
130,78.000
131,79.000
132,80.000
133,81.000
134,82.000
135,83.000
136,84.000
137,85.000
138,86.000
139,87.000
140,88.000
141,89.000
142,90.000
143,91.000
144,92.000
145,93.000
146,94.000
147,95.000
148,96.000
149,97.000
150,98.000
151,99.000
152,100.000
153,100.001
154,100.002
155,100.003
156,100.004
157,100.005
158,100.006
159,100.007
160,100.008
161,100.009
162,100.010
163,100.011
164,100.012
165,100.013
166,100.014
167,100.015
168,100.016
169,100.017
170,100.018
171,100.019
172,101.000
173,102.000
174,103.000
175,104.000
176,105.000
177,106.000
178,107.000
179,108.000
180,109.000
181,110.000
182,111.000
183,112.000
184,113.000
185,114.000
186,115.000
187,116.000
188,117.000
189,118.000
190,119.000
191,119.001
192,119.002
193,120.000
194,121.000
195,121.001
196,121.002
197,121.003
198,121.004
199,121.005
200,121.006
201,121.007
202,121.008
203,121.009
204,121.010
205,121.011
206,121.012
207,121.013
208,121.014
209,121.015
210,121.016
211,121.017
212,121.018
213,121.019
214,121.020
215,122.000
216,123.000
217,124.000
218,125.000
219,126.000
220,127.000
221,128.000
222,129.000
223,130.000
224,131.000
225,132.000
226,132.001
227,132.002
228,132.003
229,132.004
230,132.005
231,132.006
232,132.007
233,132.008
234,132.009
235,133.000
236,134.000
237,135.000
238,136.000
239,137.000
240,138.000
241,139.000
242,140.000
243,141.000
244,142.000
245,143.000
246,144.000
247,145.000
248,146.000
249,147.000
250,148.000
251,148.001
252,149.000
253,150.000
254,151.000
255,152.000
256,153.000
257,154.000
258,155.000
259,156.000
260,157.000
261,158.000
262,159.000
263,160.000
264,161.000
265,162.000
266,163.000
267,164.000
268,165.000
269,166.000
270,167.000
271,168.000
272,169.000
273,170.000
274,171.000
275,172.000
276,173.000
277,174.000
278,175.000
279,176.000
280,177.000
281,178.000
282,179.000
283,180.000
284,181.000
285,182.000
286,183.000
287,184.000
288,185.000
289,185.001
290,186.000
291,186.001
292,186.002
293,187.000
294,188.000
295,189.000
296,190.000
297,191.000
298,192.000
299,193.000
300,194.000
301,195.000
302,196.000
303,197.000
304,198.000
305,199.000
306,200.000
307,201.000
308,202.000
309,203.000
310,204.000
311,205.000
312,206.000
313,207.000
314,208.000
315,209.000
316,210.000
317,211.000
318,212.000
319,213.000
320,213.001
321,213.002
322,213.003
323,213.004
324,214.000
325,215.000
326,216.000
327,217.000
328,218.000
329,219.000
330,220.000
331,221.000
332,222.000
333,223.000
334,224.000
335,225.000
336,226.000
337,227.000
338,228.000
339,229.000
340,230.000
341,231.000
342,232.000
343,233.000
344,234.000
345,235.000
346,236.000
347,237.000
348,238.000
349,239.000
350,240.000
351,241.000
352,242.000
353,243.000
354,244.000
355,245.000
356,246.000
357,247.000
358,248.000
359,249.000
360,250.000
361,251.000
362,251.001
363,251.002
364,251.003
365,251.004
366,252.000
367,253.000
368,254.000
369,255.000
370,256.000
371,257.000
372,258.000
373,259.000
374,260.000
375,261.000
376,262.000
377,263.000
378,264.000
379,265.000
380,266.000
381,267.000
382,268.000
383,269.000
384,270.000
385,271.000
386,272.000
387,273.000
388,274.000
389,275.000
390,276.000
391,277.000
392,278.000
393,279.000
394,280.000
395,281.000
396,282.000
397,283.000
398,284.000
399,285.000
400,286.000
401,287.000
402,288.000
403,289.000
404,290.000
405,291.000
406,292.000
407,293.000
408,294.000
409,295.000
410,296.000
411,297.000
412,298.000
413,299.000
414,300.000
415,301.000
416,302.000
417,303.000
418,304.000
419,305.000
420,306.000
421,307.000
422,308.000
423,309.000
424,310.000
425,311.000
426,312.000
427,313.000
428,314.000
429,315.000
430,316.000
431,317.000
432,318.000
433,319.000
434,320.000
435,321.000
436,322.000
437,323.000
438,324.000
439,325.000
440,326.000
441,327.000
442,328.000
443,329.000
444,329.001
445,330.000
446,331.000
447,332.000
448,333.000
449,334.000
450,334.001
451,335.000
452,336.000
453,337.000
454,338.000
455,339.000
456,340.000
457,341.000
458,342.000
459,342.001
460,342.002
461,343.000
462,344.000
463,345.000
464,346.000
465,347.000
466,348.000
467,349.000
468,350.000
469,351.000
470,352.000
471,353.000
472,354.000
473,355.000
474,356.000
475,357.000
476,358.000
477,359.000
478,360.000
479,361.000
480,362.000
481,363.000
482,364.000
483,365.000
484,366.000
485,367.000
486,368.000
487,369.000
488,370.000
489,371.000
490,371.001
491,372.000
492,373.000
493,374.000
494,375.000
495,376.000
496,377.000
497,378.000
498,379.000
499,380.000
500,381.000
501,382.000
502,383.000
503,384.000
504,385.000
505,386.000
506,387.000
507,388.000
508,389.000
509,390.000
510,391.000
511,392.000
512,393.000
513,394.000
514,395.000
515,396.000
516,397.000
517,398.000
518,399.000
519,400.000
520,401.000
521,402.000
522,403.000
523,404.000
524,405.000
525,406.000
526,407.000
527,408.000
528,409.000
529,410.000
530,411.000
531,412.000
532,413.000
533,414.000
534,415.000
535,416.000
536,417.000
537,418.000
538,419.000
539,420.000
540,421.000
541,422.000
542,423.000
543,424.000
544,425.000
545,426.000
546,427.000
547,428.000
548,429.000
549,430.000
550,431.000
551,432.000
552,433.000
553,434.000
554,435.000
555,436.000
556,437.000
557,438.000
558,439.000
559,440.000
560,441.000
561,442.000
562,443.000
563,444.000
564,445.000
565,445.001
566,445.002
567,445.003
568,445.004
569,445.005
570,445.006
571,445.007
572,445.008
573,445.009
574,445.010
575,445.011
576,445.012
577,445.013
578,445.014
579,445.015
580,445.016
581,445.017
582,445.018
583,445.019
584,445.020
585,445.021
586,445.022
587,445.023
588,445.024
589,445.025
590,445.026
591,445.027
592,446.000
593,447.000
594,448.000
595,449.000
596,450.000
597,451.000
598,452.000
599,453.000
600,454.000
601,455.000
602,456.000
603,457.000
604,458.000
605,459.000
606,460.000
607,461.000
608,462.000
609,463.000
610,464.000
611,465.000
612,466.000
613,467.000
614,468.000
615,469.000
616,470.000
617,471.000
618,472.000
619,473.000
620,474.000
621,474.001
622,474.002
623,474.003
624,474.004
625,474.005
626,474.006
627,474.007
628,474.008
629,474.009
630,474.010
631,474.011
632,474.012
633,474.013
634,474.014
635,474.015
636,474.016
637,474.017
638,474.018
639,474.019
640,475.000
641,476.000
642,477.000
643,478.000
644,479.000
645,480.000
646,481.000
647,482.000
648,483.000
649,484.000
650,485.000
651,486.000
652,487.000
653,488.000
654,489.000
655,490.000
656,490.001
657,490.002
658,490.003
659,490.004
660,490.005
661,490.006
662,490.007
663,490.008
664,490.009
665,490.010
666,490.011
667,490.012
668,490.013
669,490.014
670,490.015
671,490.016
672,490.017
673,490.018
674,490.019
675,490.020
676,490.021
677,490.022
678,490.023
679,490.024
680,490.025
681,490.026
682,490.027
683,491.000
684,492.000
685,493.000
686,494.000
687,495.000
688,495.001
689,495.002
690,495.003
691,495.004
692,495.005
693,495.006
694,495.007
695,495.008
696,495.009
697,495.010
698,495.011
699,495.012
700,495.013
701,495.014
702,495.015
703,495.016
704,495.017
705,495.018
706,495.019
707,495.020
708,495.021
709,495.022
710,495.023
711,495.024
712,495.025
713,495.026
714,496.000
715,497.000
716,498.000
717,498.001
718,498.002
719,498.003
720,498.004
721,498.005
722,498.006
723,498.007
724,498.008
725,498.009
726,498.010
727,498.011
728,498.012
729,498.013
730,498.014
731,498.015
732,498.016
733,498.017
734,498.018
735,498.019
736,498.020
737,498.021
738,498.022
739,498.023
740,498.024
741,498.025
742,498.026
743,498.027
744,498.028
745,498.029
746,498.030
747,498.031
748,498.032
749,498.033
750,498.034
751,498.035
752,499.000
753,499.001
754,499.002
755,499.003
756,499.004
757,499.005
758,500.000
759,501.000
760,502.000
761,503.000
762,504.000
763,505.000
764,506.000
765,507.000
766,508.000
767,509.000
768,510.000
769,511.000
770,512.000
771,513.000
772,514.000
773,515.000
774,516.000
775,517.000
776,518.000
777,519.000
778,520.000
779,521.000
780,522.000
781,523.000
782,524.000
783,525.000
784,526.000
785,527.000
786,528.000
787,528.001
788,529.000
789,529.001
790,529.002
791,529.003
792,529.004
793,529.005
794,530.000
795,531.000
796,532.000
797,533.000
798,534.000
799,535.000
800,536.000
801,537.000
802,538.000
803,539.000
804,540.000
805,541.000
806,542.000
807,543.000
808,544.000
809,545.000
810,546.000
811,547.000
812,548.000
813,549.000
814,550.000
815,551.000
816,552.000
817,553.000
818,554.000
819,554.001
820,555.000
821,556.000
822,557.000
823,558.000
824,559.000
825,560.000
826,561.000
827,562.000
828,563.000
829,564.000
830,565.000
831,566.000
832,567.000
833,568.000
834,569.000
835,570.000
836,571.000
837,572.000
838,573.000
839,574.000
840,575.000
841,576.000
842,577.000
843,578.000
844,579.000
845,580.000
846,581.000
847,582.000
848,583.000
849,584.000
850,585.000
851,586.000
852,587.000
853,588.000
854,589.000
855,590.000
856,591.000
857,592.000
858,593.000
859,594.000
860,595.000
861,596.000
862,597.000
863,598.000
864,599.000
865,600.000
866,601.000
867,602.000
868,603.000
869,604.000
870,605.000
871,606.000
872,607.000
873,608.000
874,609.000
875,610.000
876,611.000
877,612.000
878,613.000
879,614.000
880,615.000
881,616.000
882,617.000
883,618.000
884,619.000
885,620.000
886,621.000
887,622.000
888,623.000
889,624.000
890,625.000
891,626.000
892,627.000
893,628.000
894,629.000
895,630.000
896,631.000
897,632.000
898,633.000
899,634.000
900,635.000
901,636.000
902,637.000
903,638.000
904,638.001
905,638.002
906,638.003
907,638.004
908,638.005
909,639.000
910,640.000
911,641.000
912,642.000
913,643.000
914,644.000
915,645.000
916,646.000
917,647.000
918,648.000
919,649.000
920,650.000
921,651.000
922,652.000
923,653.000
924,654.000
925,655.000
926,656.000
927,657.000
928,658.000
929,658.001
930,658.002
931,658.003
932,658.004
933,659.000
934,660.000
935,661.000
936,662.000
937,663.000
938,664.000
939,665.000
940,666.000
941,667.000
942,668.000
943,669.000
944,670.000
945,671.000
946,672.000
947,673.000
948,674.000
949,675.000
950,676.000
951,677.000
952,678.000
953,679.000
954,680.000
955,681.000
956,682.000
957,683.000
958,684.000
959,684.001
960,685.000
961,686.000
962,687.000
963,688.000
964,688.001
965,688.002
966,688.003
967,688.004
968,688.005
969,689.000
970,690.000
971,691.000
972,692.000
973,693.000
974,694.000
975,695.000
976,696.000
977,697.000
978,698.000
979,699.000
980,700.000
981,700.001
982,701.000
983,702.000
984,703.000
985,704.000
986,705.000
987,706.000
988,707.000
989,708.000
990,709.000
991,710.000
992,711.000
993,712.000
994,713.000
995,714.000
996,715.000
997,716.000
998,717.000
999,718.000
1000,719.000
1001,720.000
1002,721.000
1003,722.000
1004,723.000
1005,724.000
1006,725.000
1007,726.000
1008,727.000
1009,728.000
1010,729.000
1011,730.000
1012,731.000
1013,732.000
1014,733.000
1015,734.000
1016,735.000
1017,736.000
1018,737.000
1019,738.000
1020,739.000
1021,740.000
1022,741.000
1023,742.000
1024,743.000
1025,744.000
1026,745.000
1027,746.000
1028,747.000
1029,748.000
1030,749.000
1031,750.000
1032,751.000
1033,752.000
1034,753.000
1035,754.000
1036,755.000
1037,756.000
1038,757.000
1039,758.000
1040,759.000
1041,760.000
1042,761.000
1043,762.000
1044,763.000
1045,764.000
1046,765.000
1047,766.000
1048,767.000
1049,768.000
1050,769.000
1051,770.000
1052,771.000
1053,772.000
1054,773.000
1055,774.000
1056,775.000
1057,776.000
1058,777.000
1059,778.000
1060,779.000
1061,780.000
1062,781.000
1063,782.000
1064,783.000
1065,784.000
1066,785.000
1067,786.000
1068,787.000
1069,788.000
1070,789.000
1071,789.001
1072,789.002
1073,790.000
1074,791.000
1075,792.000
1076,793.000
1077,794.000
1078,795.000
1079,795.001
1080,795.002
1081,795.003
1082,795.004
1083,796.000
1084,797.000
1085,798.000
1086,799.000
1087,800.000
1088,801.000
1089,802.000
1090,803.000
1091,804.000
1092,805.000
1093,806.000
1094,807.000
1095,808.000
1096,809.000
1097,810.000
1098,810.001
1099,810.002
1100,810.003
1101,810.004
1102,810.005
1103,810.006
1104,810.007
1105,810.008
1106,810.009
1107,810.010
1108,810.011
1109,811.000
1110,812.000
1111,813.000
1112,814.000
1113,815.000
1114,816.000
1115,817.000
1116,818.000
1117,819.000
1118,820.000
1119,821.000
1120,822.000
1121,823.000
1122,824.000
1123,825.000
1124,826.000
1125,827.000
1126,828.000
1127,829.000
1128,830.000
1129,831.000
1130,832.000
1131,833.000
1132,834.000
1133,835.000
1134,836.000
1135,837.000
1136,838.000
1137,839.000
1138,840.000
1139,841.000
1140,842.000
1141,842.001
1142,842.002
1143,842.003
1144,843.000
1145,844.000
1146,845.000
1147,846.000
1148,847.000
1149,848.000
1150,849.000
1151,850.000
1152,851.000
1153,852.000
1154,853.000
1155,854.000
1156,855.000
1157,856.000
1158,857.000
1159,858.000
1160,859.000
1161,860.000
1162,861.000
1163,862.000
1164,863.000
1165,864.000
1166,865.000
1167,866.000
1168,867.000
1169,868.000
1170,869.000
1171,870.000
1172,871.000
1173,872.000
1174,873.000
1175,874.000
1176,875.000
1177,876.000
1178,877.000
1179,878.000
1180,879.000
1181,880.000
1182,881.000
1183,882.000
1184,883.000
1185,884.000
1186,885.000
1187,886.000
1188,887.000
1189,888.000
1190,889.000
1191,890.000
1192,891.000
1193,892.000
1194,893.000
1195,894.000
1196,895.000
1197,896.000
1198,897.000
1199,898.000
1200,899.000
1201,900.000
1202,901.000
1203,902.000
1204,903.000
1205,904.000
1206,905.000
1207,906.000
1208,907.000
1209,908.000
1210,909.000
1211,910.000
1212,911.000
1213,912.000
1214,913.000
1215,914.000
1216,915.000
1217,916.000
1218,917.000
1219,918.000
1220,919.000
1221,920.000
1222,921.000
1223,922.000
1224,923.000
1225,924.000
1226,925.000
1227,926.000
1228,927.000
1229,928.000
1230,929.000
1231,930.000
1232,931.000
1233,932.000
1234,933.000
1235,934.000
1236,935.000
1237,936.000
1238,937.000
1239,938.000
1240,939.000
1241,940.000
1242,941.000
1243,942.000
1244,943.000
1245,944.000
1246,945.000
1247,946.000
1248,947.000
1249,948.000
1250,949.000
1251,950.000
1252,951.000
1253,952.000
1254,953.000
1255,954.000
1256,955.000
1257,956.000
1258,957.000
1259,958.000
1260,959.000
1261,960.000
1262,961.000
1263,962.000
1264,963.000
1265,964.000
1266,965.000
1267,966.000
1268,967.000
1269,968.000
1270,969.000
1271,970.000
1272,971.000
1273,972.000
1274,973.000
1275,974.000
1276,975.000
1277,976.000
1278,977.000
1279,978.000
1280,979.000
1281,980.000
1282,981.000
1283,982.000
1284,983.000
1285,984.000
1286,985.000
1287,986.000
1288,987.000
1289,988.000
1290,989.000
1291,990.000
1292,991.000
1293,992.000
1294,993.000
1295,994.000
1296,995.000
1297,996.000
1298,997.000
1299,998.000
1300,999.000
1301,1000.000
1302,1001.000
1303,1002.000
1304,1003.000
1305,1004.000
1306,1005.000
1307,1006.000
1308,1007.000
1309,1008.000
1310,1009.000
1311,1010.000
1312,1011.000
1313,1012.000
1314,1013.000
1315,1014.000
1316,1015.000
1317,1016.000
1318,1017.000
1319,1018.000
1320,1019.000
1321,1020.000
1322,1021.000
1323,1022.000
1324,1023.000
1325,1024.000
1326,1025.000
1327,1026.000
1328,1027.000
1329,1028.000
1330,1029.000
1331,1030.000
1332,1031.000
1333,1032.000
1334,1033.000
1335,1034.000
1336,1035.000
1337,1036.000
1338,1037.000
1339,1038.000
1340,1039.000
1341,1040.000
1342,1041.000
1343,1042.000
1344,1043.000
1345,1044.000
1346,1045.000
1347,1046.000
1348,1047.000
1349,1048.000
1350,1049.000
1351,1050.000
1352,1051.000
1353,1052.000
1354,1053.000
1355,1054.000
1356,1055.000
1357,1056.000
1358,1057.000
1359,1058.000
1360,1059.000
1361,1060.000
1362,1061.000
1363,1062.000
1364,1063.000
1365,1064.000
1366,1065.000
1367,1066.000
1368,1067.000
1369,1068.000
1370,1069.000
1371,1070.000
1372,1071.000
1373,1072.000
1374,1073.000
1375,1074.000
1376,1075.000
1377,1076.000
1378,1077.000
1379,1078.000
1380,1079.000
1381,1080.000
1382,1081.000
1383,1082.000
1384,1083.000
1385,1084.000
1386,1084.001
1387,1084.002
1388,1084.003
1389,1085.000
1390,1086.000
1391,1087.000
1392,1088.000
1393,1089.000
1394,1090.000
1395,1091.000
1396,1092.000
1397,1093.000
1398,1094.000
1399,1095.000
1400,1096.000
1401,1097.000
1402,1098.000
1403,1099.000
1404,1100.000
1405,1100.001
1406,1100.002
1407,1100.003
1408,1100.004
1409,1100.005
1410,1100.006
1411,1100.007
1412,1100.008
1413,1100.009
1414,1100.010
1415,1101.000
1416,1102.000
1417,1103.000
1418,1104.000
1419,1105.000
1420,1106.000
1421,1107.000
1422,1108.000
1423,1109.000
1424,1110.000
1425,1111.000
1426,1112.000
1427,1113.000
1428,1114.000
1429,1115.000
1430,1116.000
1431,1116.001
1432,1117.000
1433,1118.000
1434,1119.000
1435,1120.000
1436,1121.000
1437,1122.000
1438,1123.000
1439,1124.000
1440,1125.000
1441,1126.000
1442,1127.000
1443,1128.000
1444,1129.000
1445,1130.000
1446,1131.000
1447,1132.000
1448,1133.000
1449,1134.000
1450,1135.000
1451,1136.000
1452,1137.000
1453,1138.000
1454,1139.000
1455,1140.000
1456,1141.000
1457,1142.000
1458,1142.001
1459,1142.002
1460,1143.000
1461,1144.000
1462,1145.000
1463,1146.000
1464,1147.000
1465,1148.000
1466,1149.000
1467,1150.000
1468,1151.000
1469,1152.000
1470,1153.000
1471,1154.000
1472,1155.000
1473,1156.000
1474,1157.000
1475,1158.000
1476,1159.000
1477,1160.000
1478,1161.000
1479,1162.000
1480,1163.000
1481,1164.000
1482,1165.000
1483,1166.000
1484,1167.000
1485,1168.000
1486,1168.001
1487,1168.002
1488,1168.003
1489,1168.004
1490,1168.005
1491,1169.000
1492,1170.000
1493,1171.000
1494,1172.000
1495,1173.000
1496,1174.000
1497,1175.000
1498,1176.000
1499,1177.000
1500,1178.000
1501,1179.000
1502,1180.000
1503,1181.000
1504,1182.000
1505,1183.000
1506,1184.000
1507,1185.000
1508,1186.000
1509,1187.000
1510,1188.000
1511,1189.000
1512,1190.000
1513,1191.000
1514,1192.000
1515,1193.000
1516,1194.000
1517,1195.000
1518,1196.000
1519,1197.000
1520,1198.000
1521,1199.000
1522,1200.000
1523,1201.000
1524,1202.000
1525,1203.000
1526,1204.000
1527,1205.000
1528,1206.000
1529,1207.000
1530,1208.000
1531,1209.000
1532,1210.000
1533,1211.000
1534,1212.000
1535,1213.000
1536,1214.000
1537,1215.000
1538,1216.000
1539,1217.000
1540,1218.000
1541,1219.000
1542,1220.000
1543,1221.000
1544,1222.000
1545,1223.000
1546,1224.000
1547,1225.000
1548,1226.000
1549,1227.000
1550,1228.000
1551,1229.000
1552,1230.000
1553,1231.000
1554,1232.000
1555,1233.000
1556,1234.000
1557,1235.000
1558,1236.000
1559,1237.000
1560,1238.000
1561,1239.000
1562,1240.000
1563,1241.000
1564,1242.000
1565,1243.000
1566,1244.000
1567,1245.000
1568,1246.000
1569,1247.000
1570,1248.000
1571,1249.000
1572,1250.000
1573,1251.000
1574,1252.000
1575,1253.000
1576,1254.000
1577,1255.000
1578,1255.001
1579,1256.000
1580,1257.000
1581,1258.000
1582,1259.000
1583,1260.000
1584,1261.000
1585,1262.000
1586,1263.000
1587,1264.000
1588,1265.000
1589,1266.000
1590,1267.000
1591,1268.000
1592,1269.000
1593,1270.000
1594,1271.000
1595,1272.000
1596,1273.000
1597,1273.001
